temperature,pressure,vibration,fuel_level,battery_voltage,failure
27.483570765056164,1026.99355436586,0.4324821725025618,81.87402294840508,12.090531371385541,0
24.308678494144075,1022.2463368291277,0.48554813292844823,98.3567206513663,12.651639018658031,0
28.23844269050346,1013.5963036992017,0.42075800790000384,25.967083895041398,12.293082900196392,0
32.61514928204013,1006.5306322229443,0.46920384703609597,96.9723632797977,11.793793090891759,0
23.829233126383322,1019.9822331361358,0.31063853330462143,43.12338697915579,12.128599485177963,0
23.8293152152541,1016.9348538542175,0.5213293707372939,34.751879531375465,11.879667412734893,0
32.896064077536955,1021.9519322002773,0.5001205475362224,5.034952696935324,12.003940092347364,1
28.837173645764544,1019.3517180168197,0.4182911368931809,5.276525785960262,11.837194473925749,1
22.65262807032524,1023.4955271531934,0.5659245668432406,69.20112559466547,11.917832397057305,0
27.712800217929825,1007.6476478843944,0.5937570137626559,45.79289944340279,12.106046676537087,0
22.682911535937688,1026.1739406563433,0.3392440135631026,22.65216260361057,11.503320650209025,0
22.671351232148716,1014.975996046924,0.42372752214337855,61.39703063252326,11.49206058650501,0
26.20981135783017,1033.7526087262527,0.42308576502127015,25.285811825011116,11.305728723084394,0
15.43359877671101,1006.1081218191043,0.4060096898891135,57.76317543444226,11.199864447748144,0
16.375410837434835,1030.3596380316526,0.5829474841931749,35.92087469826903,11.39135865388976,0
22.188562353795135,1014.9791078346265,0.48061738612271965,82.3552226611819,12.079731253402064,0
19.93584439832788,1006.4858199638555,0.4735485158689389,82.06961607667793,11.553606242254059,0
26.571236662976368,1008.1611416594568,0.2996137635593247,47.73503981224013,12.256807232115548,0
20.459879622393945,1009.7965269180568,0.5635418030209226,35.08191093350156,12.017356874376281,0
17.938481493323543,1017.2416594640191,0.37607416051465276,36.25597965590946,11.015747893280974,0
32.32824384460777,1018.228354880355,0.5059932630266328,80.57145256682179,12.327487792110844,0
23.871118497567323,1007.2629999606143,0.5277376937958191,32.8179482797612,12.405399322795855,0
25.33764102343962,1012.7564540773901,0.6360658595838651,20.9059373706846,11.503068662582573,0
17.87625906893272,1034.4227035861186,0.3691179600880888,8.468834187530682,12.210095771447495,1
22.278086377374088,1030.2754317010072,0.19804878441791746,46.66931208844084,11.5717508812954,0
25.55461294854933,1017.3632366967403,0.5183849544753695,48.213209891984185,12.048835188374168,0
19.245032112888488,1013.380034781682,0.6800511181510853,84.09087104029072,11.367750796522516,0
26.87849009172836,1014.2003132671827,0.6238946352939437,22.123869644606398,11.103446773732712,0
21.996806550405974,1019.1351797273041,0.5209659415274626,38.099127366839994,11.808591405193516,0
23.541531251033618,1002.772074348016,0.4508363814367953,80.8405738893691,11.938135526862581,0
21.991466938853016,1010.4262346257666,0.5807122596637311,82.36236107489735,11.801160153192699,0
34.26139092254469,996.3141592612241,0.40264538002955313,38.46110759787682,11.40798472088872,1
24.93251387631033,1016.9922312260528,0.5476357769356219,45.91240232866809,11.800050468934431,0
19.711445355220498,1019.4719593970274,0.5505470159166627,30.328589084928293,12.134647376290367,0
29.112724560515943,1008.1681353770063,0.606020990749888,93.2554878419312,11.977553484938731,0
18.895781750144888,1028.7398676329003,0.7759660038911078,11.864376574158031,12.091250515299606,1
26.044317975023777,1000.7423433699765,0.5392415967178767,93.374942300147,11.664942399772883,0
15.201649380601122,998.3562511979018,0.44910363742925014,68.38664518353433,12.585858957358079,1
18.359069755507846,1015.2445181855998,0.49744256878080056,53.15721526867312,11.41191333172261,0
25.984306179345616,1023.4709830261215,0.3230924095110882,3.2659060784495875,12.24378014854336,1
28.692332899977053,1029.8392769145787,0.4305286868910942,47.55961918220083,12.59094554647998,0
25.85684140594985,1008.4111573713107,0.4590717561886896,40.774810500273226,12.240454046374447,0
24.421758588058797,1023.7868083343129,0.4475911602065408,16.121881197512256,11.898737886467584,0
23.494481522053555,1012.6149153049929,0.5152354872033722,65.6409603500657,11.735851476668511,0
17.607390048162863,1011.2737270005917,0.41775800676177993,97.11509073682858,12.518043825523128,0
21.400778958026457,1021.8365993748668,0.6121030667324472,56.218881106452514,11.288512537369163,0
22.696806145201062,1019.5232287841342,0.5000207064918197,71.47532764439458,11.514937869810177,0
30.285611131094576,997.2360784301575,0.49906996788613855,6.845045256601678,11.801221117254139,1
26.71809144784231,1027.765403497259,0.46721052834870824,41.76669958169947,12.618826878756,0
16.18479922318633,1026.8009135414745,0.5155190683858979,11.635848516449588,12.189883818020448,0
26.620419846973974,1006.7443729849047,0.5825098264667634,61.27958355365104,11.515977120744877,0
23.074588597918417,1016.9580353343741,0.41328697842890993,93.84821582141547,11.844846147307548,0
21.615389998470206,1017.9403018628274,0.43418835109247433,66.17777324716386,11.692838427951854,0
28.05838144420434,1015.6067376582391,0.46962739712233353,7.680304831442153,11.645105503883233,1
30.154997612479754,1007.4969484615458,0.36541290765267853,35.466620498508284,12.48944477927839,0
29.656400595580994,1006.2837663206195,0.4180742140278502,55.066337944085156,11.314128435368247,0
20.803912383886807,1012.7444592900855,0.45237791264553406,40.320775613325225,12.804390427867187,0
23.453938120743928,1024.7272901925937,0.5874389180712728,83.36440104751723,12.414114845092312,0
26.65631715701782,1018.4360015459444,0.5262561329001925,81.46710047099891,12.545430835301849,0
29.877725635611796,1009.2938566791389,0.5193589911367544,61.183102010322145,11.768530243987371,0
22.60412881077355,1020.7169871064834,0.5850897962167972,37.345794513270526,11.925029640460446,0
24.071705116680914,984.5145737936992,0.4862628211600603,25.533637376324414,11.283424092737643,1
19.46832512996986,1024.487657003721,0.539046484992889,10.587431821312931,11.737668796466599,0
19.018966879596647,995.602862212219,0.48967782470675036,35.4897683486554,12.246827423821575,1
29.062629111970992,1009.3755905859687,0.5265362349399628,41.31725172077195,12.648031530890698,0
31.781200142854114,1001.8033010537386,0.44172413423884177,67.58229251040736,11.446421591598774,0
24.63994939209833,1000.053185242791,0.25611828417235705,65.81598242975734,11.817247031507367,0
30.01766448946012,1024.6082678737853,0.48657208378136957,7.0108139641256955,11.924350389883738,1
26.80818012523817,1008.3229879868811,0.642274813609994,39.525931543115775,11.302105398903757,0
21.77440122697438,1016.4650388173071,0.5926215402241592,18.177886721736193,12.2956746208792,0
26.80697802754207,1012.5307942112081,0.5965397484591171,15.68127053168057,11.638004834128695,0
32.690182832329846,1017.7704082722312,0.6236130721806218,82.73021497372459,11.902304824411488,0
24.820869804450243,1013.7682189106025,0.5088657590961437,4.191521671625753,11.774025314044062,1
32.82321827907003,1000.1700777581143,0.5197315707405595,41.91828759021213,11.605330747140163,0
11.901274479551278,1022.9626681944713,0.438234810456565,16.82036557665182,11.996477507259723,0
29.10951252187612,1008.0624341683869,0.468392714397295,87.9330215678474,11.89219521071599,0
25.435235341190857,997.4341810134025,0.5615771149771142,55.704051327503514,11.814071058860668,1
23.504963247670663,1008.7188483903409,0.6203884437168816,23.1380636376848,11.635769189159829,0
25.45880388267751,1028.007597906343,0.48605537243190006,50.24272871663764,12.159762335391477,0
15.062155426995536,1021.5022174211349,0.45498107351485884,73.14863597031159,12.826808634246142,0
23.90164056081244,1009.5134786559214,0.5000527958856598,95.81180089194338,12.069943616419563,0
26.78556285755873,1009.5074229568157,0.5601206748929115,22.044600424541894,12.498059107455564,0
32.38947022370758,1009.7836494878262,0.3556145183866458,88.61817721293451,11.30488903742327,0
22.40864890863176,1033.7674798356084,0.2703819046862762,93.43041141674902,12.078880719646884,0
20.95753198553406,1016.8193545223155,0.44494631505084165,91.64205445320663,11.451315840514466,0
22.491214782077318,1017.3004164719107,0.3779287574085841,63.54143568619099,11.26153753623405,0
29.57701058851037,1023.3028345403184,0.4491859802352689,62.982065443470766,11.630314296270482,0
26.643755548298422,1015.3878915902651,0.48522196811825286,40.32106331838228,12.595949667206787,0
22.351198981164806,1010.4095785417929,0.4546751590976987,75.23978823037879,12.475007914334823,0
27.56633716556678,1011.0365015091502,0.6452467534470745,53.12940183509319,12.1215023610272,0
25.4853877467402,1012.2839874058593,0.532674476460232,67.74380712282945,11.233649720055034,0
29.843224952664446,1012.6277776349016,0.5300474359610828,42.84579038487954,11.901859674306031,0
21.489734530613237,1020.2762954363698,0.5622207144043402,73.14964640431391,12.150850004450868,0
23.361689267011158,1013.519458858073,0.3861166882219231,82.4471517604549,12.087768114789299,0
23.039459234339212,1020.3264007721558,0.6039111787420268,14.64362566028161,11.078103208259627,0
17.682425259339407,1012.1928341989142,0.49242357134645404,83.2929715574228,11.554841075990064,0
26.48060138532288,1013.786351903161,0.5670480617241213,54.029653179030724,11.967961117925642,0
26.305276360899448,993.017993154679,0.39281427669598445,84.46659090902243,12.268145454758596,1
25.025567283212304,1022.1632767470248,0.34462412339839354,43.13017063410146,10.901936089450027,1
23.827064333124266,1016.4648847589799,0.5817889658025028,37.904048538303506,11.918938012260071,0
17.92314628974793,1022.9801010985965,0.5376409526097516,91.50607325172224,12.071524384939476,0
22.896773386173205,984.0374462180631,0.409794844564249,25.11692675484013,12.424805994258106,1
23.286427417366152,1033.8837470478072,0.4130336918725306,84.42123252861431,12.346428792118719,0
20.988613653891903,1011.6041037184483,0.6125434784414769,48.40205725094041,12.291285659404403,0
24.193571441669953,1024.081828167375,0.3810588107132672,51.40954425512597,11.600029746649033,0
27.020254284072692,1002.6009407287447,0.6642672953255964,30.8468281489484,11.045998931438346,0
34.43092950605265,1019.1277390506257,0.4099379265352131,57.30422006190157,11.8034736214693,0
25.872889064159196,1002.4658443682634,0.5638391925608383,32.52111962762113,12.50081591260428,0
26.28775195361382,1006.762310393042,0.46713815242510154,3.926941424165231,12.696727263762217,1
24.627770421169163,1032.140313538668,0.5603187431082343,27.199860534435604,12.355274551148893,0
15.406143923504793,1011.0931759923666,0.44558859978858073,0.6379043406590679,12.214670411400867,1
24.867430622753915,1015.1743287317972,0.48372070939277056,97.83547870568566,12.189819824192982,0
25.301151049705133,1021.7006773068875,0.5040919175395722,96.57472098197475,11.72194062661961,0
37.316210562426434,1017.956818879726,0.39978125442185275,39.5155297472305,11.93496985322319,1
24.038195176094387,1014.5041890514358,0.5740824345420126,72.8370854339646,12.834534762913165,0
26.507736711668063,1016.6496100246623,0.44867864335284147,34.580609841042495,11.528720997104061,0
24.826441151473784,1037.0341558523828,0.47714000846599813,67.1093157085976,12.807389395354926,0
19.15660981190234,1012.4238120296642,0.40056506253914875,80.54300430459791,11.83898592275397,0
30.714114072575104,1015.0109904671497,0.24376663412046895,94.67562446922408,12.66271605454754,0
28.759665163433873,1023.5065439600761,0.4808972237399831,40.0212275849672,11.29659249525123,0
28.955159735215233,1024.05525932958,0.7412615421612916,78.32979829560477,12.292952100582324,1
20.453062726026303,1024.8703030556037,0.5784604287898024,26.59284506321188,11.631614932026189,0
32.013971554680495,1019.3873022202919,0.4980739620265605,99.03323037936484,11.292366404037907,0
17.990744686038596,1001.5699508726951,0.47371091707917323,2.5769598764351143,12.109267021205472,1
27.934285469001352,1029.334315323011,0.5022465892812047,60.3528806501121,12.504735894297985,0
35.952278129049894,1001.5365460698131,0.554711911517521,65.95059816513272,11.577529280703251,1
20.04731837434656,1016.0263546523903,0.3819187184691155,68.80455570741289,11.2504920197708,0
22.16851135198614,1005.4572414998064,0.6114321694668872,12.038757878908902,11.954077617832523,0
25.498256825438204,1012.35861653407,0.5715381315441244,93.85297834731304,11.956282335611409,0
22.482621729419005,1016.2876241030348,0.5718185725707935,18.11832790500828,12.27415981377725,0
17.246682844669337,1016.2135721545027,0.5438475738809727,62.27534032398411,12.474797285682245,0
25.342814874030136,1017.2192075423528,0.501961665769399,22.267607912308495,11.970292409363752,0
19.688481431369475,1029.1371126905865,0.567286123596682,30.72164170212709,12.927751657397131,0
27.36796215317591,1017.5353430151398,0.5591814133741378,54.645854172812435,12.112117372267646,0
20.402878828830985,1010.5584336470935,0.4645959289058976,41.719341856457646,11.82678674699655,0
32.7496720250877,1022.6408716828836,0.4426398227103099,16.02256009765063,11.194216320448586,0
21.083733538318814,1024.8947048892464,0.5101856295261986,17.093640242084827,11.868670239841917,0
23.38969241897162,1000.7239218486301,0.6549020151495187,41.814478816279966,11.831806527294432,0
29.067586086848348,1018.9740006984986,0.3760892924346099,75.72829782755008,12.480152398140735,0
18.845678417830225,1020.0117274231089,0.353247473424756,89.79646468477885,12.231241812033428,0
26.137299673020646,1010.0243649664001,0.5164760841236516,8.412766225938284,11.410315439183691,1
31.53571377141214,1026.7570681331163,0.5050887701856018,39.310390755940105,12.086127193205519,0
16.96258382719386,1011.4994441296748,0.5173341664370408,10.024556372287662,12.335765585864527,0
25.92316929266152,1014.2557645347155,0.5243953197908501,1.6592480632597884,12.764015679693916,1
26.299413971242117,1011.2692817571613,0.4776797745365195,66.17186826439566,12.44375198370703,0
28.90911435888655,1013.1557904758147,0.6489863438602083,60.24494419665878,12.38042332715574,0
18.81524644560959,1002.0372491310479,0.33990960215234844,16.301911381488623,12.030042997307582,0
18.397716934578618,998.5994911740571,0.4171502975219754,23.38128330930641,12.194156002711726,1
27.60970782808449,1028.9450506322498,0.48967452398509526,2.370775364451838,12.62475245035308,1
26.48492336616593,1004.5303865168167,0.3356811188845833,83.49472056944037,11.333611301260175,0
26.252464251729382,1003.086076505437,0.4824145595567929,97.46905960485515,11.825280336391522,0
26.732241047484877,991.4660988639629,0.6661470165728018,13.545953679469081,11.613715625621879,1
21.599876392107547,1006.6103825231049,0.5020886488295961,23.147521376529813,12.189576559363061,0
26.161268485805017,999.769102065925,0.5230700905718684,86.8409523946934,12.615111087825394,1
26.465362366493405,1029.4201516013636,0.373983523482742,92.64637979561849,11.701512856639463,0
21.42824290986816,1023.0981708934263,0.43836385919605225,41.96273828068103,10.804847816265282,1
34.328872555723784,1006.1184965482228,0.4624803619676063,5.062247226907413,11.793889627487765,1
27.36916460455894,1035.5243580534432,0.4682284903243766,3.93918336928194,12.456736866008704,1
19.043482513986756,1022.8176548699159,0.6281643795003768,57.39498660690104,12.26881495147494,0
28.28276804316915,1009.7516861649137,0.5557691060725125,39.2895108893179,12.214093123905288,0
20.126591648863393,988.0059428512643,0.3888542043062968,2.8652427577654516,11.86000334906276,1
28.93542301871226,1035.9094257259073,0.5246504778432005,58.32523923125568,11.360484631890106,0
30.79297789503702,999.1042753323641,0.5498221748496785,1.1302536589022472,12.257647160812233,1
20.89658840824145,996.5460125304311,0.6140149038521266,78.73719581492729,11.582859094982688,1
29.81688064622161,1023.2257043200964,0.6580540686568374,30.643282270337156,13.092048366690229,0
27.06390463468249,1037.3975240633927,0.3984905808172131,4.02580030092321,12.285253604177258,1
29.11030079997245,1026.8427281851052,0.41891424887896617,58.835222098315334,11.709675848723025,0
34.48396491326974,1018.6390912005236,0.37424221410853836,39.76844144330547,11.694307376305686,0
23.773059419985646,1018.9475434166528,0.47659801408930186,97.38004133571495,11.953527896693206,0
21.23131917821255,1021.5341555878031,0.5466358374446334,54.41986625037022,11.880249038989126,0
20.552427851872384,1020.5892858978676,0.5987334516589102,27.52391810370083,12.558416887764977,0
20.920948575172808,1015.8119142396938,0.49240489763574774,70.94388646339748,12.093208084872023,0
24.614491452929478,1014.0420110395188,0.46801524767451563,27.149200254271133,11.634184130545735,0
26.70575987408322,1012.3740687210047,0.515175799224874,90.42432914075651,12.94522034257789,0
26.383453996650097,1005.4603541113332,0.4164857098369977,37.47219705073764,12.024654165760111,0
29.13591624518012,1010.1932492313323,0.7089538721694774,54.98685627762052,12.38441983798445,1
25.065009459389536,996.0704318580462,0.3392338972881941,5.0573103824228856,11.69588674627762,1
32.26767038578659,1012.0166037320525,0.5184740578895725,42.61212379522308,12.181557813872262,0
23.67671583381022,1003.1140889284908,0.7023606219229639,83.2363539660995,12.155554995571597,1
38.600845832948096,1001.9641068278423,0.5006799844559998,80.56488053633419,11.055175353951924,1
28.12833673882503,1014.7989415115347,0.48099609649985053,22.431855885352626,13.00763755523032,0
20.714212217918586,1026.920022863446,0.46425545771895727,22.60790710105627,12.645322230461273,0
19.64553750969444,1022.1831660600232,0.4819608318237592,81.73053122132367,11.801402341927005,0
27.412362076215928,997.2949939637682,0.637284847467653,93.03984201693255,11.448865129772072,1
23.882686073370746,1003.1037186342966,0.2788138088670493,9.536092127300355,12.173780806901776,1
28.57000247046046,1022.4077118798822,0.6533433701296325,45.005863942622526,12.043348849707199,0
27.366188122867726,1003.175126064617,0.3576042847549855,33.745427896422896,12.177834474281614,0
24.635855436715637,1010.7536685000298,0.4733347670765585,87.06884554574394,12.095788698097044,0
20.766031409657977,1018.5005209902455,0.45707555797013383,8.352491468001876,12.253120494652963,1
17.425763876570677,1003.3165554513637,0.558855326977072,21.112594255803742,12.723652849695902,0
22.767425239664895,1014.0537550614596,0.34018756481162526,75.24683375864943,12.284051602564324,0
29.28199397161736,999.659745050818,0.5462172666081943,5.129384898121558,11.475172250545029,1
26.07046872065102,1006.9863235604879,0.7024309623286853,49.25353807142893,12.681281426356225,1
18.771306106440058,1016.1978193414253,0.3636825995407189,44.210703467972,12.820307281744144,0
25.86590462925591,997.0700626646833,0.5189706167610396,33.44011789887487,13.576028367256043,1
26.926586898644185,1017.404747379604,0.4338017822203391,39.457231531892376,11.4382529833802,0
20.580712818994336,1012.8036220107332,0.5425887206193036,52.99405869302329,12.121441006575138,0
25.76862552972764,1018.5248995441715,0.5019147777415752,16.136735838838312,10.958950648405507,1
25.29104359223,1015.2391413406466,0.435851309095569,57.19958782835928,12.276574578189605,0
19.285148510846884,1026.6414042997385,0.5487872284871074,80.54323292999864,11.725899850916614,0
26.788936801741418,1014.252245026479,0.6804348109786743,76.01609297901591,12.961722897412477,0
27.80392263184117,1008.7059445887475,0.4809096208272701,15.389990469377368,11.612692514990709,0
30.415256215876383,1014.2229750303228,0.5719757942148181,14.92494697414739,11.15540848101637,0
30.269010260174515,1018.4329802903638,0.3706727042128836,26.817436774491334,11.76436812964874,0
18.111653160214544,1013.488600703257,0.4043563623181991,36.10747263410372,11.01225611439143,0
20.310874800424386,1013.4059169120388,0.5472406277880377,40.84555814084826,12.375549727253656,0
27.5751763360433,1005.9800831219325,0.6484116028535964,67.96972168333453,10.96745847687184,1
27.568929754561044,1006.3709908244905,0.5355613348785659,5.66804321658354,12.014228790591579,1
27.575238431530238,998.9739472820031,0.46869419694768455,3.4672704226066386,10.961094090071901,1
44.26365745327361,1030.4957674318694,0.4999291405423354,39.191056294390904,11.839851097731678,1
27.854452553465833,1000.5613676460871,0.3749592266030283,69.71636921379805,12.821689077902267,0
30.677828200902994,1006.070948022041,0.5604515326355367,19.343534295648258,12.180323945717898,0
29.770008817466014,1005.8159273443081,0.5882333062323409,64.15044812562518,11.568253197517533,0
28.25695625652899,1021.9492437694444,0.45479096671669195,25.982813794029948,11.984398255530458,0
23.42365377679827,1010.0505032170797,0.4529957852240498,88.60861088135164,12.009008436022222,0
28.794846102466337,1025.4774207267374,0.5265878229652049,89.56899442666165,12.236315172921703,0
21.13587392731214,1006.2650937575613,0.45632802639594044,29.72872042813265,11.316570818359587,0
23.815906966299956,1015.7899416222381,0.49338673853741777,22.99937539632405,12.296283636923665,0
22.573182260854484,1004.6465294674024,0.7099721789166515,41.13039720662313,10.647804184198613,1
25.409370696931614,1034.4514912777338,0.47529742992540036,24.05315851801487,11.685057723818094,0
36.573292833367546,1001.1240158097048,0.4641659847978778,67.23838432917036,11.755863078774228,1
15.66367403704126,1016.0982071022703,0.4352458194364841,82.60646845482856,12.31666341303562,0
28.43130095187257,1019.337768809321,0.5744191971499937,67.3092130911217,12.011315426338435,0
16.936420644051744,1017.137990974515,0.4818775826781897,82.43504472493495,11.297218473071856,0
22.640340671052833,1011.1471234112229,0.4350626961678574,39.69921622074742,11.507503437091492,0
30.444752984836832,1011.7017930026658,0.6321304032273012,15.631697070886085,12.099340004773703,0
25.321400095477316,1013.4381147197911,0.6419603004513638,73.79509473975922,11.960466329067723,0
19.61127611035347,1011.5299799837151,0.4399576434261295,36.047450514155386,11.710437945182127,0
21.42348145370016,1022.6387911679491,0.3133460048639384,67.12708252291326,11.75958310524401,0
28.39798874467338,1035.1052300159135,0.6007513689836922,27.064394198176565,12.348083998579645,0
21.34816684141432,1007.4250821499216,0.4315370174239996,8.122963480667266,11.741153713565392,1
26.082292947909874,999.3019702042092,0.5790625599162769,99.25817954877634,11.955954377985464,1
25.22785919951907,1012.1171795164875,0.3029896182288164,15.620150793059928,13.084968294040271,0
21.741998261970913,1038.7970933765432,0.5892597338299309,98.8420993963481,11.288158681558038,0
35.719720446626624,1004.9632543203027,0.3788828070719219,97.72799325664472,11.07407863421267,1
28.169595111590056,1029.3911680544406,0.5730764119066525,79.38181039080396,12.391794832399304,0
14.874287066711965,1029.7770081407643,0.5014273067836434,65.94229620819976,11.660678469352948,0
25.93227157384714,1007.46411758292,0.4046060580603355,57.78070502510847,11.84088123612869,0
21.69106767615806,1018.6898307918527,0.45929636870732193,86.61015453778347,11.609421810934442,0
29.26216667398112,1029.2839662312854,0.56863184569567,28.943952161948793,11.870099929616243,0
21.037396307836495,1009.2087225901251,0.5105894453115234,46.7681212484877,12.799269056048171,0
24.426317792665504,1010.9641963989764,0.5584412980472484,61.93899693665019,12.40106422930906,0
27.524936394902287,1007.1831908605136,0.6976440584515485,41.11904758694911,12.431111755943489,0
29.328775970850607,1002.8524326930714,0.34357583882889486,42.7486454090268,11.291886472103677,0
18.998517964721117,1006.50722454934,0.6617212574968624,33.02846675020844,11.424423131723564,0
23.327493820795258,1000.7605973323774,0.5104355937523213,56.4231816684536,10.580460670257287,1
22.62527344419522,1013.3408346825922,0.4101215951676872,85.0574528015116,11.595309589458623,0
21.73335383713144,1005.3002676894135,0.366968637426101,20.152837800631286,12.47835159319283,0
33.82727120140548,1015.3378591179074,0.48108796092229666,93.44330387534414,12.258473257874185,0
27.024908554804778,997.4410435379638,0.5921650111924459,68.90876537482296,11.889243368523939,1
18.695580228324772,1016.3088023221445,0.4872450879622466,82.32732126800302,11.988849858140973,0
29.58930973527388,1021.3352896160892,0.6511154930247347,55.619069263001165,11.655557228712297,0
35.610780985063165,993.0626435742854,0.35488243099484407,77.95167014240634,12.102379441200892,1
30.162326302755734,1016.7405656984757,0.49879110521539455,1.620039733946721,12.382939139740307,1
17.403150170229935,1025.2766899247329,0.3747606555586881,81.83804247795352,11.192056606294763,0
22.578829635668743,1000.9035898130879,0.5363631882624967,4.013885908536652,12.149823843918673,1
31.334555745933113,1029.7257238683771,0.5886887390097301,88.99133763628625,12.466217435477333,0
21.461652671906094,1017.1901900936605,0.4579238206318947,99.19627472386433,11.792449855518315,0
27.219097140731144,1005.9498814424159,0.23957861433728656,29.40674621767778,12.350350306060292,0
28.873170267146683,1012.442309223423,0.5198948146796495,21.031855628579365,13.407327222236276,0
20.365347642109583,1018.5832691252173,0.543673855173351,76.53633638580408,11.947828603506554,0
24.702373219691,1013.7600539141241,0.5404294754961698,25.302634092025322,12.196653525002661,0
8.793663299654636,1018.3875599244637,0.6235782191822155,86.55623831722035,11.630971458169304,0
19.878061793328552,1003.7932640692063,0.3928946320350951,10.28425921574767,12.090625581301024,0
23.7371592430342,1014.6936082403607,0.568021610545045,12.595519637935826,12.230135812491152,0
18.761084090175753,998.8628550309502,0.6192507512477975,97.91515551006155,12.09742117013507,1
33.16205651965818,1011.887739386513,0.3221412415993483,67.38388982700046,11.490152340145572,0
17.849293110196836,1003.9609235853521,0.5319651825918977,84.68872244289528,12.103180885662725,0
22.799777566515083,1005.6447005741023,0.44958201689923283,32.4329377351518,12.731097969358819,0
25.653702886430455,1025.3609317521043,0.4918477326898354,67.64837495206044,12.224317882257264,0
32.20636644533058,1023.9131012059427,0.5347676483538336,59.42418273085972,12.48099359453592,0
17.8206892441028,1019.0913812090718,0.4512771435886448,60.3150120122947,11.881494014993686,0
30.815818760774796,1002.0768723532742,0.4324291920838388,68.25324595377215,12.374950119711855,0
25.051165305097935,1009.835915503052,0.5034152417488025,57.53591731290986,12.139633919108263,0
20.092456744760245,1025.1309769997918,0.39127540611371975,42.906236930266594,11.524544635156383,0
27.310517371316354,1014.417169136399,0.39141748711148144,27.592269438054686,12.159260502399437,0
25.99529847786735,1036.1932953998169,0.5679373282956504,76.8581330913202,11.504151668279844,0
21.998915614206027,1016.9331783939438,0.3851205964841344,22.62724300031862,11.683559862557605,0
25.349010424950094,1014.9204911649003,0.5666312500909212,69.23543061544142,12.094664153646187,0
23.0734320156912,1009.908835357975,0.5462591292853951,23.333282264932663,12.148622136690062,0
25.56758672625624,1014.3354090478228,0.32741932712094035,62.53301699544539,11.405383767461435,0
28.310653372605234,1011.4753016361946,0.4322435347664345,74.70782671290289,12.526992885591438,0
32.93008408072676,1020.081086766886,0.6194109403047372,21.87138889065392,12.286003139150237,0
18.810922505865754,1022.5670231679459,0.40188344688603184,5.994330086130828,11.647635782194557,1
35.665166873281336,1005.1401053949205,0.45355957376906125,13.097374299417408,11.231207601775413,1
15.239561002387491,999.6876704644222,0.5462060893251897,60.59969672710255,11.927547710459285,1
24.241074524822082,994.6379462689671,0.5783390509282595,84.94464062257356,11.777028143069419,1
27.941586032422883,1018.0799132691254,0.47484611139555044,4.499682123542437,12.056570228526512,1
26.404959338675162,1001.9663339382613,0.44024898053083583,73.41512590416463,11.818441669422217,0
21.88650240089703,991.4710940704751,0.6422369861698508,34.13186459500521,10.996271569627496,1
23.959388748213623,1016.8857860453096,0.673889966379758,47.85283699195225,11.805826530849421,0
22.534995326705836,1037.9299951743278,0.5978858050781796,92.88595498455656,11.847190444465843,0
22.053176215278942,1012.9392908846011,0.5085318142565024,33.19715047358455,12.31683051238703,0
29.248010485105123,1021.3849077445165,0.4191734278359074,46.5336933939486,11.650900162694475,0
26.785077429825236,1013.8182935854757,0.4169555593443435,1.3682414760681105,12.839337336686283,1
21.535452023696728,1012.0111034680885,0.5522514105265758,8.159872000483837,11.044179724674121,1
29.497999377166252,1022.1907648298777,0.5418398220888684,25.859159113478402,12.655583748901313,0
26.536497604383047,1010.0972545581135,0.6401598592946429,2.7852240821074403,11.887840514560947,1
29.0643105941948,1015.673923140719,0.5650450092536139,63.1375326048251,12.429792436171779,0
28.14814420961806,1016.2169780619602,0.3496919698240182,42.63983568016225,12.039900742029367,0
20.855024945389637,1006.3190954635695,0.6051947617722919,54.814520272802206,12.569777768012734,0
22.199094799015153,1022.9204234953652,0.4001939372685587,17.464718589632955,11.806319017723595,0
28.736468025616308,1011.2504024330459,0.46160287280476486,29.593202943661613,11.450689787411093,0
28.051851327167324,1005.4425484050715,0.5250200206251694,66.38244748527251,12.710252143635532,0
24.89549203017926,1018.365098435704,0.6995667489783964,96.53027236303998,11.94325967705893,0
25.58663691654391,1004.0153201820897,0.8109918556005361,5.04167736022092,12.110779236812105,1
31.388324478942124,1013.2818115736912,0.5606723059136183,89.03843208552661,12.617375957022398,0
22.04214305582085,1012.908810033558,0.48168033812796124,57.68812013112085,11.484022378952783,0
27.735486905850188,1023.8589556583158,0.553450564848055,56.39195667556237,12.29774544881963,0
23.98903673783053,1017.7469823287995,0.5887655425873837,50.027853520776034,11.705052621768555,0
23.9115939838639,1012.7497304125486,0.46793323744428084,6.9394085904183385,11.933915322177814,1
30.49388425993595,1021.1776629920029,0.6795211355912323,8.987685173616066,12.036139482692144,1
29.12708174494015,1026.902075490173,0.5230070759191402,60.09120056590861,11.249889069276533,0
29.067548180003193,1018.5781030635186,0.5497743089091395,34.09585714355583,11.610581478589783,0
31.527394035771646,1013.1035261984338,0.5665924252054462,91.72680665776807,12.67553644620657,0
25.105019208163796,999.8816376764984,0.5421586610614456,40.659053735947225,12.443095594292398,1
28.40976485647482,1002.3488633692463,0.5838940500469613,14.328145870264109,11.968680211336382,0
23.44866621703272,1009.9477529564533,0.43827468134530767,71.4718833502036,12.121561729256447,0
26.62083176244221,1006.9048779784072,0.44416982460539695,29.335342144100984,11.852878747181771,0
24.349284728161578,1011.1302869701456,0.3899845767028305,52.54703073558932,12.67829169291399,0
25.48497982496359,1013.5664992489711,0.5439501230620226,69.783278550517,11.899823711102918,0
27.97578512718457,1018.2969275435673,0.5778936503512114,90.02641112020704,12.115921046067424,0
20.908896583832636,1012.295012219409,0.5457772866151885,79.2191194801676,12.573015072071033,0
35.4619363784273,1017.865016438262,0.6674492433347538,67.63610678727241,11.611314257577046,1
19.96991309250149,1013.6447441481012,0.49944039811709534,67.96331823951436,12.779394592248448,0
18.92905693606134,993.2453343364613,0.5668741655592513,94.59246440320865,11.234769295128311,1
30.790554367500338,1003.6066460618125,0.39082991238606857,29.582409749653603,12.8148210655564,0
28.95831346981468,1011.5591244427839,0.4612900297525599,0.11120941961874076,11.813662208024013,1
28.120599085260775,1000.9030525715889,0.5695537757565777,27.19545593981987,11.878650626087358,0
28.1417275463214,1018.999287299962,0.5849102110743144,21.7891379626744,11.054994914408528,0
24.938766135765427,1028.3075083234369,0.4706033052335818,66.18345851139982,11.772602641311154,0
20.51372814257084,1025.187618516973,0.49284007481419334,63.3711599765529,11.480096734486558,0
25.37902279096863,1010.865571290698,0.34821262533191905,59.34613827047238,11.696176827313264,0
21.61419144243944,1027.9072613684996,0.46429707991933905,1.62434432094537,11.93134451710556,1
29.875598667088756,1014.4866745720211,0.5890383163519786,72.87780544506475,12.478895807236453,0
24.264713092489306,1009.6291402888196,0.5575205016106566,32.353041248549154,12.103801675700312,0
20.872514016037442,1006.8659733645906,0.5500665721381209,66.50559890066312,12.153838326700557,0
23.393070791735035,1009.9753031351187,0.504977368718096,55.65784285021533,11.452240305577218,0
27.06465727137812,1009.1182318145877,0.5007063158628177,34.27309254279072,11.559622955198634,0
22.181377235980126,1014.7041622237549,0.4339678860526553,13.457626710410775,12.899362509175656,0
20.888898022167844,1014.6057398104987,0.5698828420202535,9.441889766048096,11.632399482618377,1
26.218436057459563,1013.0304602015342,0.542097294438939,83.15183331122236,12.828104126028649,0
26.224832855543614,1017.3693816974635,0.5492018847992799,91.8397542081558,11.878469400559567,0
22.46528412314435,1024.9064627478633,0.44739651573324196,64.97880467642996,12.001143968071752,0
22.644808471908387,1022.4955413544133,0.28466570801287555,10.343411486048337,12.535182580114965,0
26.16024968678818,998.151020315501,0.6097152711753696,40.20272168882407,12.635946210969328,1
17.75957829251338,987.4607886509805,0.4521162543991596,72.89392001051573,11.944593719860457,1
17.962681128117225,1022.3431991123928,0.41372242359568795,77.9820884010068,11.80587847323923,0
21.40777889373782,999.3312130158458,0.5693478911913994,11.82186222910886,11.972039775738894,1
23.932764241440765,1010.7523459810732,0.460798736008087,0.003071884538241587,12.168978764116058,1
26.554537827990025,1001.2988697394064,0.6059936384046622,71.2137045880605,12.445651843434877,0
32.37678108474776,994.9801956241998,0.5617005949576698,35.659617598620564,12.002114929497075,1
29.288298116010097,1018.4146272820478,0.5683569323200478,25.448133161826025,12.309443149011576,0
24.200307350182864,1020.5915516030265,0.36340442887994656,1.289746978952544,12.819179866135471,1
24.904918960486555,1007.2348959927328,0.6211943985386401,54.02994067614997,12.190654806132393,0
19.987353176810956,987.0895770785509,0.5261250531233856,85.11507354259817,12.155826428002388,1
24.90743432003805,1007.5375555174752,0.4630722860753797,95.76316462725879,11.240544587454966,0
23.55670680539931,1016.9180400540255,0.5143388467342251,56.574495061328925,10.684634931585467,1
26.613592801690448,998.2108843122587,0.322376476710168,51.44613277398942,12.194187864615085,1
20.863845282238387,1014.8335991977915,0.5408652811480671,8.50563854892411,11.952587884359565,1
27.596732571205862,1012.8469015082701,0.39706284918179285,54.887280154259976,11.74260866254263,0
32.66369456501289,1018.7929149960108,0.36473297141564653,37.99790789653946,12.121765102093173,0
24.456199257715713,1014.1958036841415,0.3477640813782109,60.71352808835769,11.969798135401545,0
27.008558610494706,1003.2693105911844,0.6112688374989925,38.87263478765467,12.563890125316949,0
28.450719958555563,1024.965715016645,0.4370736606307211,24.029912345036674,12.043055434129489,0
22.993897640570818,1011.4147042697304,0.6533727709916499,9.49652752283765,11.626538357464916,1
26.120462409052084,1012.7269546049007,0.4464198536947702,31.491844458889574,12.495083119479645,0
25.062962003908975,1003.6673204092681,0.32926420424070535,9.664483428775227,11.891434462526899,1
25.48838049274416,1008.5671774880849,0.3883475560051341,17.689695082398394,12.263268341836154,0
21.13495108072267,1004.151972859731,0.6235811620006939,98.73361585795459,11.7612946469036,0
25.122550871294713,1011.2705394007658,0.48441018220633325,44.41035569066186,11.675086557251282,0
27.489991456227248,1030.1170848014235,0.4451712703509399,53.187176650501655,12.042084115092848,0
32.25571803897521,999.2809885706864,0.5160018225852787,87.36185287372153,12.006414321771842,1
29.796354130426035,996.8643860212326,0.5501782736167545,99.55689004906878,12.239913517683416,1
35.76591228755778,1027.711703274936,0.6117398815902461,58.27144493446815,11.86567712334513,1
21.163262185559752,1010.9067632284814,0.6448499229892927,81.24738210441717,11.081820108114801,0
29.361603183603393,1006.3092726134008,0.4640231354210914,32.694102433667524,11.783613058205805,0
25.91671002869176,1023.3990468739607,0.3673952313917962,30.57439574472911,12.396909233571908,0
35.94901466608836,1006.9438446026313,0.4586534838876724,40.27037209945602,11.851311960378446,1
20.958508573224243,1031.2600971354693,0.5260280506582886,67.25072626736491,11.876808298742725,0
20.801390789096118,1019.7792587133927,0.4036241073789389,68.21916892550988,12.493188252952969,0
22.00303677277989,1008.120885918543,0.4042849085104957,31.52394346494508,11.644013386370538,0
14.380521378450965,1034.5730821326551,0.5343787881549885,13.320992413662868,11.22859839087855,0
22.371224891596196,1006.9428507699666,0.4951347648429549,63.239625646550856,11.919684440237253,0
21.20433669223151,1020.420953720093,0.5032796995411587,12.832586218876452,11.75791302437563,0
25.75196893238104,1015.992925804065,0.42415046652999305,57.84925082293301,11.516876840123373,0
26.708779878885796,1026.017412893988,0.47695992857942326,69.3422128056309,11.912310772050654,0
34.38085419607943,1028.6151119672686,0.40757668557316956,70.06114963944516,12.245752823623391,0
29.75211919093025,1013.3200414906577,0.5890198411124787,75.34721106595967,11.995355719216093,0
22.115481721687985,1005.4658212965381,0.6035249334723752,87.28594215656645,12.153490536343119,0
20.50792664325821,1017.5997214293911,0.3153812137761906,49.995899196478845,12.906703849257712,0
27.459595857532527,1006.222846302479,0.407048913980759,73.02491895295712,11.828560569221217,0
18.398833964896788,1033.1338724752663,0.3503470744909921,61.91727353658367,12.139174317322334,0
34.157293829271765,1014.3653533108273,0.4349976065593102,18.663993979768257,11.745393318700433,0
30.897200603606436,1009.346784486879,0.4916562030209639,2.568964486940817,11.576820140056514,1
22.654121739476476,1014.8468030586491,0.355035478030147,28.454138567693377,11.707546173291115,0
16.434327354545612,999.528737104703,0.4078140186874687,44.30337063376194,11.760620714239156,1
31.769361870827062,1003.2838596148935,0.39960426279185013,61.71059444286563,12.179737898773563,0
24.42730077373691,1025.0041390794443,0.5207267329398944,84.99593305032053,13.17453789335038,0
31.189081559867308,1006.4310572102861,0.506934433703625,19.624571670616564,11.64197828186208,0
17.027861706028165,1002.5308901731806,0.42782624466627467,12.55497898984771,11.79168734719227,0
22.003124885231134,1018.3665275252729,0.5176820872139398,96.34799474743275,11.968438493444376,0
25.026218498590914,1024.85704154663,0.44533199154127345,10.80445593764071,12.197899424354874,0
25.23490296882371,1020.1895331066506,0.47283448896739466,47.84910701071892,12.131775405977393,0
22.74967264260378,1022.9604768580582,0.6673452090298537,58.55637287933019,12.64204789697406,0
28.114249661737492,1005.4320491143054,0.6340461051790348,54.137442090743825,10.786803964732396,1
19.661897853087027,998.7818933325816,0.3700418763072402,8.603215703294321,10.806535064902164,1
24.288102574893532,1028.013336519555,0.5829732417879174,5.702691400361937,11.752060913994926,1
25.601478158559495,1009.7732016115787,0.5811396554491592,10.548342746103568,12.548650093771855,0
27.572194170293745,1010.4916698354496,0.38517367112473816,58.55876838726125,11.217175984197201,0
28.55807439044445,1026.2819414184905,0.5818777643754861,54.43448876343211,10.496183830153122,1
19.376789540810655,1018.5623000940066,0.6537931918412553,23.374079203674427,12.285589703109604,0
17.32942914632189,1017.5588777208161,0.3877455193755586,63.777414184559156,12.121828611851358,0
31.388384109492545,1034.6500234490109,0.4082497178985736,82.00675020556494,11.454895796600285,0
26.661570059897958,1006.5648176961986,0.6017661466843502,4.157895984659376,11.507230199639535,1
21.25756731721723,1022.2784012808123,0.5271495310825648,49.81299435480424,11.515128140182663,0
32.75575987761262,1013.5701312489708,0.5551476275239523,68.93104121026903,12.05526765873697,0
25.578373171464293,1015.6859227886325,0.5340589216400496,25.23119270696871,11.686842361908496,0
30.896485920319133,1028.2846842641254,0.5390695920928145,30.77709052931491,12.24703195948776,0
25.337592407050543,1018.0783575628963,0.3673527871688917,61.36379029893838,10.572686668547805,1
35.303739624409936,1018.3829607904963,0.6047317706621449,89.7935293443737,11.571574067436101,1
33.77670421221602,1023.725073373098,0.6169589992427773,80.99244203028994,11.436973019544475,0
23.75517925760463,1009.3504727045712,0.47706092559319724,58.31302190995835,11.871829660813754,0
29.85785475477178,1004.60790332661,0.49565230501861374,73.02217177572491,11.730976120754931,0
28.226879747925736,1002.5519080597896,0.3468892497444278,36.482247020779866,12.398921889947884,0
31.843157787661745,993.33643410624,0.5514254756017835,64.09655280987577,11.070331614169971,1
20.17538269709948,1033.5620712994032,0.5572057441714144,46.6181591127557,12.022745738165376,0
28.430257299992196,1001.9679163427832,0.4937808983000689,18.993613645756092,12.279168211605853,0
30.29212243424794,1010.7874637641423,0.6124353359870502,70.17382738772572,12.928323718280977,0
16.20630256788443,1010.2318670011108,0.46659227690200594,55.646463734882204,11.759117014453263,0
19.083707436671126,1016.074066978091,0.55646059258936,35.86215819535914,12.162229302176259,0
14.803839111199498,1021.157372125393,0.39803356613078844,91.13391900786307,11.098068603718817,0
23.652965827777212,1021.6047348835974,0.4976447849125762,2.0934117826733267,10.804021897843487,1
28.58771127897981,1007.1692256143106,0.48256457420971643,31.5773151249496,12.42238718789085,0
32.51178526048014,1011.3287828621359,0.5225307922040942,5.688139777764656,11.997219853175965,1
25.370473902098876,1015.825799504883,0.46304730711666414,76.65273162216272,12.589256344899212,0
33.14307772785646,1010.5130887381646,0.4868527404328332,70.21074541137926,11.313298555515125,0
18.099492708925542,1029.0734557602,0.5826047171441506,33.13522187363171,12.259951069764377,0
16.483087803224226,1017.9097495163825,0.45632357627617826,67.5662902207073,12.934408920271927,0
24.722261505516904,1020.3487778604982,0.339342289926132,39.593722619594985,12.209852804178633,0
26.920327244696537,1019.6288126866741,0.6749583904205421,75.62537914224343,12.138290752795525,0
24.836526259529535,1024.7347385748533,0.6381454078690487,45.41836627367061,12.004278040412174,0
14.662789499800617,1014.8102155870371,0.3707737304894381,41.22797278316656,11.214559271437043,0
24.55439980243606,1000.0316805204416,0.5689707805245194,93.4729915488301,12.677786467855174,0
18.477652497475734,1016.9968795175264,0.4497025229448657,25.087909989070024,11.694571180097467,0
28.348362744150194,1006.4864310620817,0.526348721533106,12.044733999656543,12.25224162819151,0
26.83299123048424,1007.7138331825024,0.5294224129013494,58.45431132594582,11.218482846714373,0
20.300601068363225,1018.8636401875509,0.4765592199683678,96.93218122841789,11.41027016774611,0
22.430665413316532,1025.3828307143363,0.42162343344136033,37.783921372718666,12.717543699611118,0
19.70393239055524,1013.2127157673606,0.4309458947683741,6.203676362878152,11.82634885552108,1
24.68660451363414,1016.0883301259896,0.40838080845187574,33.93052673095674,12.726637738021273,0
29.775711602506192,1030.0221494463524,0.4168177791769555,50.593165431955846,11.96088467047074,0
20.07136976832228,1015.4075317948857,0.4932821709950645,16.19230066322137,11.079051113521071,0
27.520232577589223,1039.016831141804,0.4284240010889248,65.8102218056492,12.44603379986586,0
22.348711908137794,1018.6550964563154,0.568205206571262,99.77493890102006,11.705053841122195,0
21.03563583868828,995.3923724084418,0.6487246155335927,45.17394759814438,12.349344406758522,1
24.464848200227213,1020.5334162110453,0.4419946758629957,35.472855673021265,12.012605433770041,0
19.82378838790313,1016.8115838488278,0.5239404500535377,40.070416683446666,11.228440886028565,0
22.23175347326409,1025.8975275408275,0.5499685110302934,11.514617839520113,12.082147382685285,0
19.010610537055758,1019.7318135126995,0.5472002270919274,88.32736014262238,13.0981115710764,0
34.82362566458195,1011.6154401601623,0.5075955267916087,41.4825655521352,12.24649322925723,0
25.176317759858645,1000.7570176371063,0.5742682418359722,38.72744114248413,11.971241123497268,0
21.50137246003707,1010.9097674271397,0.5482248952680657,65.96902729304743,12.537671700978448,0
26.06989955367111,1004.494795457907,0.3762337577672702,44.203342093112354,12.105334232601555,0
24.43835975154585,1007.1947655019528,0.5869156064389274,64.8233468807846,12.104767115131397,0
23.895152002333884,1018.885784044206,0.5887290837266742,6.144629013078751,11.45418741392045,1
28.070833500217127,1029.6990450435142,0.42367138958214184,81.37233437222274,12.116924012894799,0
28.787538550236526,1016.9467152982298,0.5037937835447602,94.05039528794026,12.517721708208473,0
22.34749426194736,1001.0411693796482,0.568332899281107,64.8765386159386,11.581968923949988,0
22.1209087967766,1017.4460266822014,0.47906861804206385,95.45659288588108,12.712247910623473,0
23.62474151424178,1024.9663148664565,0.6072978047766012,15.143231436996329,11.954146987927437,0
13.490394176322075,1006.9021709568062,0.7363872494619361,47.74161894803537,11.55611524423073,1
17.42404468900724,1011.6598283332709,0.4214013967365018,60.180673394544726,12.498816038460122,0
31.834371337222624,1013.146881947292,0.3618955396846225,58.17366474211867,11.856602882130865,0
33.22483856750642,1005.1510168691776,0.5303818595604876,40.14617790890432,12.379757443743054,0
23.75481980221811,1019.4828043384385,0.5721562505126143,33.80844093662614,11.85412068387073,0
27.882784815278832,1011.7905185139222,0.4769133626155231,12.68240225504188,11.970086928235048,0
26.556250772717682,1017.1953244390703,0.6453260663321034,39.17424505622782,12.246780102167145,0
40.39440404227619,1004.125078221979,0.3661394200276751,16.266081510548513,12.145448528795002,1
30.597874557172883,1008.6254169967659,0.5692918623031611,73.43656764922184,11.00223410977413,0
24.360412042596167,1020.2238135782777,0.43941391792411066,20.883093549458998,11.439378129952804,0
20.22229779699787,1009.2716684790823,0.6719377906207297,5.856530528453385,12.464704992395408,1
16.96776839871214,1030.269638512334,0.6992515353168118,55.236613781723435,11.933931705549226,0
26.017318179336115,1009.003638143854,0.4233343412216652,59.52297327194016,11.73813434861429,0
21.218246273578483,1015.2468472575189,0.44504428640914195,87.19130612805056,11.320712992371263,0
17.88873145201163,1022.3259083187309,0.5859587886979802,57.69816124176819,11.460131839362075,0
21.767135578787368,998.8163426706697,0.46128693502104856,34.54808537234457,10.989100680019027,1
19.592259981928024,995.3919118801922,0.4954588782067762,80.30118815263205,11.949359640649234,1
33.43570817536282,997.743436854299,0.502538842054241,54.027889318742105,11.700781209709476,1
29.408198784747253,1025.6258410342718,0.30803268438023435,7.928028463119174,11.516706054507342,1
24.960136793416915,1007.4814185410755,0.49861622539057626,56.58505603132467,11.965938287416023,0
32.39972069445013,1038.5819928566825,0.4310272225935826,90.80185454216624,12.181985315426369,0
25.38684153823809,1007.3575240134261,0.4506877177600228,39.631262549822054,13.046598966104973,0
20.69357899335868,1014.8455130319703,0.6443632003468814,29.632580189980008,11.244058290218394,0
32.61562038634828,1028.4210995256788,0.3743493105720743,14.346945701802005,12.57969052165026,0
27.694550218423295,1033.0609288815913,0.5813205186747977,15.144552193535732,12.486550780507535,0
19.81376922836772,1033.615035766364,0.47210370696681914,43.27714843418189,11.61045363031165,0
24.04830660958196,1025.0836623059315,0.47202398315041655,59.56798241615295,12.101617977293015,0
20.621908733076214,1023.2406252581146,0.5790371896051711,8.061540516960175,11.771183375331193,1
18.086001345178317,1018.9252694920118,0.534005129456889,93.95685890251657,12.092844290209369,0
29.630887737658206,1020.7836107616664,0.5570612997219531,75.51336174451959,12.754565506702276,0
34.54708320235065,1007.4881428367147,0.5968184660532861,58.66239182836627,12.302803116315657,0
18.007162130904295,1004.818011165777,0.4668691616816677,82.84386709389908,12.254304186616721,0
27.814846183452854,1012.9662554258905,0.43877632654922494,8.01867568121133,11.78484534002268,1
21.746787154390866,1011.2981537747507,0.3914849473442202,47.68388777331244,11.257971667537833,0
22.56437308117652,1008.4677195067272,0.4174589470021045,63.00931268616634,11.895765894729797,0
22.038030378805654,1019.9638744745672,0.7949094425308725,82.86529061182893,12.603304077431957,1
20.68004615160092,1022.5530520857051,0.6244679580736787,78.34695600492677,11.236416071705175,0
25.242608139724133,1013.8840688629185,0.36489256337919784,27.706924971339962,11.472455315911652,0
20.84524941794481,1027.7753008105526,0.367754204325643,94.08801695592042,12.063133868117035,0
26.352284128899193,1001.5831088586649,0.5481866061718491,12.434584143087035,11.50767260757637,0
24.748809452754315,1011.0634054072028,0.5547264797377967,87.51336186211522,11.603738276442394,0
23.80525976566795,1005.8317767939719,0.5548883835317364,97.09402496046185,11.78820070913591,0
20.46218168979201,994.3346338292694,0.4745044206446302,17.715352322262557,11.317191297904925,1
22.116143347158335,1012.173193141573,0.48745457399971,72.20660642037853,11.512939076891815,0
28.77695612912878,1011.7825249161672,0.5327879524159358,4.028551877799846,12.351713958393654,1
27.504585938121902,1028.1344974324213,0.508589300629333,40.542282513915495,11.346315108884518,0
20.112223776007244,1019.3081168455478,0.2780699627252465,51.6283299197674,11.20106393275258,0
25.49666152714613,1002.7581317567079,0.47702003694248063,58.064522590963406,11.684987510233054,0
28.756935616858947,1031.5409256633418,0.41485935657396866,93.59372482485595,12.365977751254922,0
16.652973594393142,1025.2103369552535,0.5175211418908512,67.22506872941946,11.901539096001555,0
27.716800961899676,1018.8209770346862,0.7985259002603411,48.1277951219237,11.767709460942191,1
21.686881205270765,1010.7351590115017,0.5367481665474304,80.96750362658894,12.022179398757803,0
27.852993342965796,1003.4056076327652,0.4686470313827602,95.05328209544089,11.127146283570173,0
21.183704217287417,1009.2779322392895,0.5921801501977252,2.2066148682290843,12.247352826887516,1
15.975589496677404,1023.8874861970419,0.5482687887209212,98.25212722560387,12.191717515701821,0
16.862287810584185,1031.8458630593461,0.5420094490451841,8.613213906368033,11.79534576295214,1
25.24042473330691,1028.4324352827218,0.5606850593215671,81.43867792687614,12.502962255898208,0
26.29861250860741,1008.1115057821372,0.7056543564829542,28.033475255141248,11.43625195052348,1
20.478416874477958,1001.8038256671099,0.3869111564674084,13.217965775387174,12.563954496626785,0
28.19296229388687,1014.408862469112,0.5473632076811454,43.98556397138349,12.077246832797625,0
16.6923996886552,995.3156063443715,0.40736188700184617,64.39565794476135,11.831723705060913,1
24.66960100676342,1016.2316771418479,0.5555512646342249,38.0951845023475,11.990063182315843,0
18.944919001187717,1011.5239741370133,0.4081313488513906,5.456540828269896,11.946367617094529,1
21.740819460989204,1008.3396349813175,0.45826331863949155,59.94611396587166,12.610141448208859,0
25.23699335658207,997.052969327332,0.47049100857620935,90.24032761106747,11.461660436264493,1
20.69793317358024,1018.1360010656972,0.5975816719344709,38.32153659472517,11.6187403804267,0
23.077222278850872,1007.6729916033809,0.5918454443942414,21.633277763082702,12.51815144603624,0
30.0314640460722,1001.3008316428972,0.37542826235536153,44.25773459328154,11.70223253240807,0
22.115540652384254,984.2773778671835,0.5054934110999849,4.836271104878087,12.450266538665796,1
29.17846056032571,1012.7248509494937,0.4290420145250827,82.04875844802748,12.849717991504354,0
19.351465726711908,1030.7225159666975,0.37414950893246657,82.63408109501867,11.799102486529183,0
27.649020889576413,1029.6125921454786,0.47829829495756293,58.800046342962844,12.340681163287652,0
32.207843103289505,1008.4290374341373,0.46915172115441806,35.31028889383895,11.423153859330071,0
12.641777499363553,1006.9778793963821,0.7426716486345523,79.97833644457833,12.377366649033904,1
21.015523722647615,1017.6877425607503,0.5432959825360696,55.46870247883672,12.099711992993383,0
27.8853606359027,1003.0161456081171,0.36223824992457626,82.59323085500162,12.236519141080107,0
23.984773069785035,1016.0179189981947,0.44352259958290574,63.14587925830206,11.677213963982302,0
26.855729366856544,1020.6608027838469,0.6021383295429399,78.44054732127972,11.169458292216413,0
21.980074066420897,1025.2693322388432,0.7088442772869925,59.856299321776,12.251626032374752,1
25.4329489373645,1011.9984592352005,0.34140166877620415,41.41410682156662,10.968298423760272,1
24.221613823039604,1010.9632624982304,0.3120075614860955,95.79458599261376,11.841324753878732,0
30.838910308299035,1004.2201741324344,0.6870965175371783,54.11138248788448,12.470590933209985,0
26.272104216506065,1004.7311964596014,0.5389614177370904,60.50895185405384,12.095948867936517,0
26.68801331037601,1010.7352110809848,0.41317072681236333,22.048763941474924,12.974171322394907,0
22.940615169387662,1016.6736550681618,0.5534629086122436,62.565078942727645,12.512554576290887,0
22.561968879637533,1022.1358462623325,0.23642522609831224,57.160764948294386,11.673050805837212,0
22.837209060901895,1004.9682104931966,0.5003375506597161,18.483839794702494,12.01365668992572,0
26.972260711891483,1027.926885689595,0.5327821172843086,5.958709735314372,11.976314648727781,1
22.895077595898684,1010.2887639895744,0.5924270139537829,60.43593197147711,11.208911618326937,0
26.448874284482066,1012.7863270565157,0.3986104047707462,76.36922693503206,11.529800541757824,0
35.37700399322719,1005.5278832085218,0.5085687161403359,52.34013709220082,11.71961954651007,1
29.355623517158463,988.7575973972706,0.4074575373940413,22.67726253196457,10.981889748572032,1
23.369882339160796,1021.8404539636105,0.5255383755674317,66.65219766930349,12.02374673412582,0
31.006069610819722,1020.3684389709243,0.4104653677636976,8.010572660960225,11.87546407767348,1
22.959623134892244,1010.1867244288179,0.45918991608397797,44.183370480195464,11.163553049344213,0
14.80937732411073,1013.6699071722487,0.40041846052097707,16.33667583984202,12.202106432638667,0
19.95956844541298,1018.159392177041,0.5651136241823657,18.445905105988338,12.35793637234548,0
15.646040394870722,997.3745414311346,0.5858451116656666,20.229394915820365,12.113517239432445,1
23.24243257979346,1007.709473226537,0.4765379430042586,38.67070570439779,11.837965912395514,0
25.092091895947757,1020.9426467962182,0.5038237994960029,5.115020562039763,12.295721075875928,1
33.382186561376415,1000.4571057683075,0.35514085853664557,39.77934409290982,12.340110180238346,0
26.634636868820813,1015.9355793216663,0.4700323351993213,51.170744711470086,12.153701784859845,0
23.90449735595568,999.4341819537659,0.4949795382958255,48.329428496632524,11.58769387478262,1
29.147027905917447,1017.6642998243352,0.7620793091029976,38.27841004030405,12.13830038275559,1
13.944323454960575,1012.6435851770252,0.3888032974225836,83.91466080707525,12.59774032541274,0
26.178072790542828,996.8486818409449,0.6464177238752438,14.53266924205041,11.701685470694136,1
28.854325969434832,1024.6473935445717,0.5996858773465807,50.5696743781374,13.048969669566215,0
17.607068771100792,1005.6540842320195,0.5280636404490137,6.20414169565543,11.737184533007309,1
30.718770216034645,1004.8974756298562,0.6758620484195134,7.1155678877909745,12.016203506670069,1
26.69248203747207,1015.0056919723095,0.5372105472606863,57.38658496770963,11.663757201996832,0
22.923560430495993,1024.4863734942871,0.5389159195667929,56.6018424887821,12.11163541796013,0
28.163909330531425,1002.841781810216,0.49468793469824546,87.8033512844457,11.128889153682362,0
36.35346428902198,1013.6167984984797,0.6223568882418627,55.78736756600732,11.72697910059164,1
25.909331275292477,1017.2881650033057,0.6096469233810884,95.97910204048502,11.453939399825716,0
26.24110293150168,1019.9310560726315,0.43743227125037876,4.869484839992976,12.067669173946145,1
22.70319550229878,1014.7644155527722,0.3680752805401233,9.800768478074106,12.497223687754454,1
20.75077815267604,1009.3297216091668,0.4797019362604343,4.40658615703814,12.323003093557276,1
29.151679082721227,1004.7240977935128,0.41999614356023535,18.527685033354004,10.814170319570554,1
20.719580870455665,1013.8614388304637,0.4936475425384645,54.12701109416781,13.02103482646394,0
25.357831186096963,1002.2786098801439,0.6237438134684139,64.5572181427428,12.147639970310435,0
22.611712766174417,983.7864951650539,0.45426983449132097,4.55851579486688,11.6117504297535,1
27.39489912873196,1017.3655980415767,0.49571766186884253,94.59708898455993,12.07856395949547,0
26.66831052643474,1022.039348410862,0.5058022734808395,84.2165376650381,12.088094911251346,0
30.187699721289498,989.3706756445816,0.5848430882205284,29.661248215709314,11.666575641524219,1
22.449918005726264,1002.9026929529007,0.2753110666015395,7.718753022646796,12.098958333671037,1
23.650625323533145,1019.191542610052,0.43932997052347034,16.98870732190573,11.696263856189846,0
20.106181421088465,1033.574954697117,0.5211283692279473,12.694441375497266,11.797819003654988,0
22.77853369961944,1013.2079370767541,0.6200078956426861,12.328377929894685,11.656860432122457,0
26.88650246522426,1005.7199705877086,0.4508097552493795,51.85616886657339,11.283664355130174,0
28.78494308322676,1011.1710355889516,0.3123447293958126,24.58474424934003,12.072918235107691,0
20.389173379111874,1026.7487641914818,0.5619711445966136,35.81397165291445,12.292649718258168,0
29.3480296005283,1006.5403582087547,0.43646376111743707,98.95053333843225,12.257441798038187,0
31.778189294024756,1005.0080799334975,0.38103333409096385,68.43142489253448,12.409962626317617,0
27.067174516118506,1008.1725647781797,0.4375654610286776,94.89806670470014,12.162170105007434,0
34.38397906279033,1003.4667139174129,0.481547464234415,14.255655503311559,11.733637250891547,0
21.131054004482134,1014.226703159948,0.43952553354617874,38.21394748325693,12.419831932215594,0
18.776726483442914,1029.2467845846957,0.2794433942900931,55.47318032823543,11.321241230079032,0
16.106398755478608,1016.2307927311602,0.5897066196887132,7.675806188873802,11.54966430874376,1
32.480221557445915,1010.4764649787371,0.6274875041278722,0.41874436279578653,11.517899964288377,1
28.27182828177029,1010.0818873108445,0.5651521991339505,67.04343337969175,12.540028029569655,0
24.722076645447725,997.3680919130335,0.38623143295751833,64.18195168014353,12.471394257070038,1
26.399843131599102,1021.8310977714716,0.4798508466052482,41.07888099996118,12.243652618522498,0
19.372554763508116,1012.221628029872,0.4993478684770542,48.96440760320326,12.535964932605898,0
37.228759898084135,1011.1952008640937,0.559879438956191,41.54430005920896,11.560358608794006,1
25.646105909876137,1044.9310756784487,0.5668340488718081,2.4005044844888856,12.17429755993049,1
25.546973973024464,1015.9875290836569,0.4265826201221504,33.537160621746246,11.937412785808418,0
28.62883311949346,1005.4820894990481,0.508199555641356,17.708225539728982,12.423441051942458,0
27.405046158683568,1008.7364240379445,0.5457280404615241,9.842418910136875,11.942387883723901,1
26.119420121395656,1024.4844570919674,0.6455822322146767,95.67204338893498,11.80752855579496,0
21.04762772277344,1014.1327041053777,0.5704506539824723,59.935972504216565,12.270454259280495,0
27.357341785679978,998.6172202168264,0.5789056687375519,72.86562842366027,12.438084583595616,1
34.41012248237517,1022.192289345752,0.5083826627929361,31.53637432661175,11.6658274025766,0
31.727100230774887,1006.31855914461,0.6410459145203504,39.31471294940152,11.969462164323811,0
32.965933133196984,1031.7329777621756,0.5409762795959497,23.692399389672346,11.470779683179174,0
22.443921617844076,1023.8004806571465,0.413891208982643,9.696567096542474,10.75096949125353,1
20.051975898707095,1008.5267810434125,0.6403369970125191,17.90316374415838,12.100229815706864,0
24.37106539950176,1025.8101636173512,0.5697903272539028,79.75140452964858,12.304452678127316,0
25.278624561443472,1013.6785551052741,0.45569559788715175,67.75458051837758,12.131033404543363,0
30.470957592354743,1021.5277367512222,0.4520507032600757,54.69288759854769,11.025219141122816,0
16.537676851425903,1017.8473281729448,0.5296575545140761,47.508987286676806,11.824575284961762,0
32.64775159730307,1004.5364334500913,0.5463184795267585,92.24342836561244,10.89082611997446,1
24.209960507105052,1006.5645016768253,0.5197292265631206,7.273494777866841,12.684850553827092,1
22.8655946502629,1023.2996081758116,0.5311308673442885,28.060081323791596,11.456972708940956,0
19.93947812369916,1009.6522466789346,0.6699957374576381,34.9937853570714,12.627701804729949,0
16.725716640671152,1008.96351536758,0.6071543152234886,78.24258122127878,12.472934821842072,0
29.115852919809573,1003.4487742065064,0.5190635591265025,99.25146201619714,11.54970482373197,0
25.36658983594202,1017.2359906559346,0.5941310580767484,24.067051475715306,11.433607524366128,0
18.55019550129473,1033.6252491924315,0.39674760964724604,87.43073341370805,12.175185108193169,0
18.52460613968192,1002.3246708574572,0.5397927049946809,83.06227604317912,11.577837981408464,0
23.32107650354936,1013.2421945667276,0.6809306349733111,22.46573976417666,12.051242321079103,0
33.34510762644696,1027.1222055541543,0.47819541046076264,39.933258019922256,11.758586204596542,0
23.702043243181976,1012.2035860875428,0.4152366071380915,40.96728692925191,11.109420792767184,0
17.48428523440947,1017.5237179624974,0.4347911111406939,97.82206685265584,10.88476599043777,1
23.77128467957028,1002.3760647185312,0.39103669626576115,18.089190137889833,12.113342124247298,0
23.636382151261646,1017.2830709720765,0.42152380918722965,79.91579711047821,11.719221126834688,0
11.515566785292142,1011.1285573499545,0.4629491901409971,33.419271417310995,11.723455091542935,0
24.72852566741094,1022.8572999567987,0.3594432980821358,73.08703457761604,12.347931919546893,0
23.84532734895661,1024.8738605156475,0.5015618333949603,42.001100429566286,12.586721138316223,0
28.48103182406709,1038.895636420186,0.5902277173786648,57.835976311654,11.863727639319096,0
34.244780474726724,1018.7963317321357,0.409224381985308,83.26117733261312,11.829700646545069,0
30.632825147738785,1016.2579631658217,0.6519283923641769,80.41655649838842,12.250071516556941,0
23.655556547225846,1014.9438430157734,0.5510792088527595,86.64231835397001,11.321532215150212,0
19.467370456291647,1009.4683370718931,0.6030580585624057,5.961732534465902,12.111576527373849,1
37.8667990162493,1016.3848384346169,0.4342165446147863,69.20505530397449,12.275942985911078,1
25.29609217007244,1010.0459858986097,0.5854525227066616,13.998737672176286,12.340115104208815,0
25.06964645956473,1014.6846097626961,0.3908066099604687,41.5818568018411,11.031623648748768,0
24.879374564449982,1026.1759753560796,0.5890247500836508,54.858841505468845,11.61932236509553,0
25.990423803839274,1002.9345743472036,0.5171839339793531,40.273948474683074,11.560868373588267,0
24.278197940380288,1024.3987856112904,0.5553251219984784,51.961167580300746,12.049943477204607,0
22.131689965598817,1026.1711506733986,0.3824405394375148,99.65263087986192,12.240372289883991,0
22.26570529379804,1011.8193147300892,0.41049301577233954,13.521731371285473,12.74835520372299,0
24.836233648920008,991.781451009914,0.5597228218253385,67.54560453364256,11.752517259815964,1
22.282876144331176,1006.9217801290557,0.4051651995775799,39.600096638561524,11.751213750845393,0
21.435771086614178,1025.969945465611,0.5463206292099123,13.300979890732878,12.574836009439373,0
25.532151138459483,1012.7713193770112,0.3632862193539754,15.873676337430954,12.148288469265152,0
23.725113912895722,1003.0069776770509,0.5848174212666668,94.92731062456168,12.633825755593987,0
32.51996494291345,1007.9522507877178,0.3767476685231491,87.9601496711762,12.144364001504918,0
11.745150958034941,1021.4062002650455,0.5552299937679523,90.70419604150219,11.421441690643364,0
30.45753425961231,1018.4673356820138,0.5625630933646001,99.15327758273865,11.333435822611097,0
31.230425962488145,1010.610679008303,0.4303228181570425,20.831539000851794,11.224243875470535,0
14.633048837959253,1009.3317558818532,0.5582026567084727,35.543933736406174,12.331025917379236,0
23.286562029598258,1009.0824185095618,0.5260442263333556,66.92190299248666,12.594298411543503,0
23.142795670021044,1003.7758981550149,0.44611581438072617,48.38025398606472,12.92468107069319,0
17.962441526410892,1029.1537568946944,0.39914453159237917,41.83895333783335,12.42155266616162,0
21.110916562045624,1009.7767953078866,0.3037374308327421,35.781124933559305,12.581419288767492,0
19.447120772670857,1025.171585208255,0.5349650047299693,59.37806319434522,11.709991833673158,0
33.761352217118116,1028.2131605192244,0.3435197228637945,57.5593428640082,11.421792091628072,0
29.678391965737305,1022.9831089814796,0.5095344199441308,16.14578340642401,12.425039666208777,0
31.357775474970794,1008.6837968728195,0.47365517839177507,47.173983751843906,12.208840376119701,0
28.608360320216175,1017.0373009033661,0.5679142775438195,55.347177620984986,12.053722187170447,0
19.354741143913856,1012.7580439360909,0.4697954500510136,57.02869387313905,12.193685740316495,0
22.37739866860113,1003.9629813926987,0.4670552213652909,21.01071929123518,12.161592741229104,0
27.44687280613959,1016.243592817216,0.5731870704288295,74.22713922522868,12.641908429926781,0
18.889360955540273,1001.209602088402,0.5335058029084118,2.5199094821069634,12.647492792408478,1
28.56499215086194,1024.8767938846156,0.5316155957182779,35.483185554316265,12.272110176170173,0
23.798373009209325,1008.3538270270161,0.5469267589808526,78.02126485356335,12.422901436281464,0
23.125895962252013,1015.0115965587283,0.3464427876792894,56.389292105540235,12.257031276212388,0
28.554799841017456,1015.8328787154614,0.5756788679986982,26.116243251086026,11.76941513398269,0
27.2213165574302,1010.4109502629592,0.5612468794013602,69.49531193430477,12.37828233745657,0
23.1951691709046,1018.8669380147528,0.3983316871423503,56.73909441560734,11.30275246557037,0
30.79664901682124,1008.2509634337747,0.47559195263257986,79.62436094563871,12.526945776147942,0
19.594683362000513,1021.7129729745725,0.4960692712372369,73.50251861898234,11.402738530116983,0
28.07967803472132,999.5402031975325,0.48655032155982675,61.01079220362347,12.142901643397366,1
27.96550628984192,1014.2637957954641,0.5333859966568535,48.8177675310814,11.57742302078692,0
23.452267803430047,1032.389289990583,0.6431366781831184,13.31821256675234,12.276694491537214,0
26.63066511121059,1002.9966867539442,0.6081766727672828,26.133301788538375,11.983037387036045,0
18.744432118073483,1006.2225502947515,0.36877808065685935,41.90994729170853,11.202622020918334,0
29.620135096034506,1018.1390784965891,0.5622069990306049,59.92992870063887,12.21034981550924,0
24.075489317785056,1014.795817819396,0.632893331953541,51.37078552153048,11.711039611583645,0
22.386384897404803,1016.5063009927356,0.5386808520689202,28.818452595952948,12.440573360406685,0
30.245046129184445,1017.8918713014766,0.6090980425185967,0.6464357789710551,12.000662844367204,1
21.478281547286205,1019.3472146856177,0.7012270445700766,49.623922190081394,12.19771049269402,1
17.957693518182204,1024.0969984195622,0.6023709546106981,28.56259885622431,11.521215522492394,0
17.216854132380483,1017.0981865692851,0.5249308595641728,73.46083007105351,11.705333884286318,0
28.030049756728197,1010.5874234538146,0.6045088474084753,2.394626527048349,11.770680681949457,1
18.597853237518585,1019.7257370120274,0.5144887833096892,58.482781130579085,12.428351240121279,0
33.77397090992182,1031.998819348952,0.5023903043284955,94.14742375060654,12.838688543902744,0
14.59035296058139,1011.6736625361742,0.46485857642862677,17.440926711149952,11.597414124128562,0
33.48228184145019,1003.2547069532936,0.6563413358832109,47.16494907505954,12.53842407232884,0
26.05508733601309,1024.0708066928698,0.41815713340579985,9.142199181713817,10.91516129113715,1
24.516434440648037,1011.796188360464,0.6532367724678116,62.56819122613526,11.402905299453856,0
22.275404565955252,991.2733045398596,0.5499864123740371,55.05316805962256,11.520610771906613,1
26.995680571760353,1021.4742167715042,0.3600693825198058,40.736552421283236,11.32374565527964,0
24.81182648787576,1007.6467181404607,0.5367649292991421,52.13770214737412,11.20820580510621,0
30.516509410082605,1012.0946671769584,0.28999734923483755,89.65746584690102,12.206499456068899,0
25.571138243310198,1016.3198033056901,0.5625508016831036,19.629430231106703,11.892966151136068,0
25.75150880730939,1014.9049967977907,0.5885231482988991,2.2564511705347234,12.189702698802554,1
23.18193893893072,1020.0945181713904,0.44076440443479464,86.16648846991009,12.345236343060757,0
24.715271881394663,1008.6451362943016,0.5123547695955583,57.71170823879065,12.132808496586266,0
26.539008844460295,1018.1310579817608,0.6954157433750286,89.06584554618424,12.328881588075188,0
16.449158036716874,1010.4045332241608,0.4494253295738063,59.69452234131726,11.965233856878866,0
18.259072889471433,1020.388104808875,0.39410924129433994,81.01610899597024,11.406503305847128,0
28.716320470113576,1019.1536748401305,0.6481663402462599,42.967336335514794,12.528907090410398,0
25.854327190639708,1003.645612979554,0.6962587190530795,74.98599312882688,11.705443933609436,0
24.080083318236603,1023.8598211617503,0.5003695671847848,91.3041466889856,11.532201850618787,0
25.092169665326967,1007.6403655488596,0.6011463035408356,57.21229637222063,11.911041062097802,0
26.737908526808354,1021.0805779828114,0.6341475915530881,18.078515056237954,11.543594540351744,0
22.301201598453193,1016.6728731340135,0.4257515767461616,26.879761503019818,11.791284809005283,0
21.108476372988438,1031.3818367679512,0.45146941646321315,19.86445768974058,12.172026960781734,0
25.979226275488408,1010.7653401762815,0.6230874513154735,24.685702759573292,12.174170869623063,0
20.10813611192484,1009.5068320388181,0.668501427870851,30.64154493510364,11.551084966787185,0
27.041263778572358,1012.8058039411227,0.5562880860174355,55.51337867531885,11.756147313525627,0
16.4870819788108,1009.9682021716573,0.4120185646497946,58.79916294638328,12.537166502385121,0
30.14577818662822,1020.9994190194205,0.6987061111699442,42.649974724186116,12.24820005886697,0
27.362987412065216,996.8368939156342,0.4469029102188036,61.54207798208354,13.03753251967427,1
26.28014867156938,1002.4631758085364,0.4664862218828548,8.157492561136593,12.590064086870765,1
29.91345491972757,1002.321970784208,0.5342337834489621,8.778823705815997,12.57214653427997,1
33.32737222231288,1022.5030759197358,0.6554160420714774,17.182946035765845,11.306065724772099,0
30.07185032509065,1030.1061337258193,0.5853975976552224,51.80774980403447,12.381930175816711,0
15.795628843341774,1011.9555078146253,0.5414865500361911,21.399467869831355,11.973446599151545,0
18.602115166321493,1011.3117827680999,0.5463288530118107,28.328440349257733,11.724509098230875,0
21.875907111521606,1013.7005216311318,0.5043514668643466,40.03128361729941,12.084007670266264,0
25.13045525105417,1024.618783026082,0.5558139514518506,81.18661240103798,12.472605767305742,0
27.588295102345615,1003.7264686580943,0.24704399223056966,1.3862135912860118,12.250415795502105,1
21.371280934232672,1015.3836898273479,0.4703392540930202,64.93788202366224,11.56076309932897,0
25.93383382238539,1022.7519762978243,0.5241321934916781,66.88765310406853,12.37122945679631,0
21.22308533823339,1018.0109416993985,0.3848985916380493,79.86557803566366,11.681206228962019,0
21.942410985040258,1014.8958161659874,0.538632331781156,93.27529390603132,12.108341559482144,0
17.96669451575889,1023.0104609256714,0.47955287790138784,2.0137848949289827,11.848324966261433,1
20.38383376944548,985.9676770700077,0.675547569831549,15.378370551321618,11.890566874132187,1
18.24157697191833,1019.778753195309,0.6573019725214857,88.6171294055993,12.383121487520254,0
20.120633735113337,1006.4592431687257,0.4534194430881837,45.851856218701535,11.479903140092052,0
30.268208983039198,994.6936710314354,0.48491622884333047,56.459063893346354,12.972597537138466,1
20.253005555840286,1018.1120259952498,0.49260524343916073,66.30272037231474,11.089456965352753,0
38.161910324186955,1026.7365854516295,0.45483405238403773,67.90666044956374,11.70116615837257,1
27.466589504404446,1011.6255148537231,0.5195024984028127,93.17404033165082,12.18510594497087,0
25.92418061847437,1022.5287454720294,0.424171793111241,99.69494174116697,12.292157083217655,0
20.708211099093933,1029.1227825798865,0.38693846650624736,72.01574609309402,11.949762139714148,0
28.501549397044958,1026.1491445358404,0.5622711223900269,28.72212092051508,11.97130464849923,0
22.12181086881113,1029.399645293714,0.5629529584221811,87.97524022943436,12.205275042663809,0
25.610049073226808,1020.4212749107189,0.41956842403400074,4.922091454076161,11.88446526127116,1
37.800422691343975,1013.754336389016,0.58953554307626,23.10808528744962,12.696590628967453,1
24.51970050137675,996.9803418810283,0.43684222708346687,89.73857174637149,12.419674557115801,1
30.74636663142838,1010.5393751187005,0.5253165238037981,25.619151443935493,12.436412175502817,0
21.48411787437056,1004.5675340468381,0.5820344012612456,22.065105962174847,11.516921638314791,0
24.82505754751519,1034.7094271749781,0.4966387435296287,13.812529314024724,11.960305787797148,0
33.85400317817755,1011.2411418756766,0.5454740912141134,85.91117576469165,11.849767025639649,0
21.865164711061162,1014.2320480678449,0.44835703561124285,50.00582591910867,11.497199312155267,0
34.062242789984644,1018.5148537604047,0.4803533416571903,67.48932030541548,12.180082091972883,0
28.538759677277376,1013.4360244637245,0.479414056911966,23.906638407502967,11.731177121110091,0
22.18766612052866,1029.9505104043076,0.42534216534597613,75.80404210112165,12.327701914925118,0
28.162038695277605,1006.7735063826555,0.4823225836884218,76.00055449620984,11.464904218552833,0
29.86277224813365,1014.9460745523725,0.34513817011362535,31.259802490830012,12.85952030642091,0
28.10904981108598,1005.5752941430195,0.45088462528578954,41.06826330102828,11.551833670703969,0
17.148876400547717,999.799774887793,0.47151245066303293,20.969027743020085,12.109651168600218,1
21.364314120875658,1006.8823090909472,0.474382024750462,97.65610233229043,12.395929655194033,0
23.762406822242475,1012.6296320295158,0.47585025541292214,64.56025770584117,11.714679784899944,0
24.62783285449977,1008.7069777548274,0.49382358001398713,93.45438807155155,12.426234321716475,0
28.103360487753392,1006.0757902012614,0.5479441518086063,30.338554362913317,11.385408201099793,0
25.888505004666268,998.9368253632816,0.5874517074132523,78.18909129968897,12.726058849591281,1
18.323278206449494,1012.168944273713,0.43502347731517327,76.5858643884742,12.00707463248288,0
26.900989255029817,997.95279625969,0.37967991446108557,69.16556518665415,11.70179429601556,1
28.052928726419115,1020.600559636896,0.3957955587756897,96.56389752668004,11.850409113786283,0
27.7989522396552,1013.824397529345,0.4512797078805073,39.355533610631554,12.40445963469636,0
30.403903627773108,998.4244850053507,0.4648078682183491,13.07173235897573,11.70777235407478,1
29.16961077274452,1009.9079092295013,0.42300039338025425,67.17088592440608,11.625321155288612,0
27.295900396142184,1005.4784359440941,0.37038833357501055,72.93098004772062,11.88923170120813,0
24.649171442706766,1016.1917451041918,0.4543879172525812,57.506057345881466,11.411518943615016,0
16.69519533242004,1026.4045044602315,0.5181426620113971,20.681789313339628,12.910271953970907,0
27.148091095662927,994.2482753035425,0.5595029465835565,50.445594166935535,11.716802704392638,1
26.038438435815557,1014.1502607914741,0.44425769468916787,31.21897365691294,12.415808393090202,0
26.357894185976868,1011.3986720443336,0.4587002177856566,42.746652816668906,12.104735041823886,0
18.616257120898453,1019.7134007645046,0.4073301691152689,64.52185758446639,11.507732974759016,0
19.594717297958688,1015.1319662823769,0.49685608296252237,74.52147426908346,11.997022645393635,0
30.26576426666452,1005.4803066826119,0.4151571365809185,23.22246909013431,12.392001389655373,0
24.802224230716725,1009.8094606433339,0.55731278132412,40.532536064695336,11.905869332456847,0
28.40750348686312,1005.0397414319651,0.32141335080658884,26.91615709916292,12.596556472925514,0
25.141591880652307,1023.760071385986,0.4640370327547538,19.86316138618691,12.510757696390932,0
25.148780697478728,1013.2131164867194,0.5301107339191742,78.33872199958384,12.459457427329165,0
29.691419029879988,1032.01190685753,0.5183834516322504,90.92526944369924,11.770171613863502,0
22.41977635891313,1012.3933918618538,0.7693033663980497,37.02321856845767,11.460078776109256,1
25.480603884704916,1005.9159323308953,0.5349800024567908,75.12789243737669,11.693206197318602,0
22.688623556474788,997.8628560738717,0.399594540315799,89.69952893644111,12.09812047033336,1
22.82751886283842,994.9686032374406,0.4904535752910927,84.61242105302316,12.272893356766177,1
23.454139382656802,997.1586405699451,0.3223753666533548,18.28133885392259,10.914214297619775,1
26.110668858168566,1015.6712665101148,0.4919400250703239,95.62918815133614,11.995943399194125,0
22.606256891682612,1018.0872502322993,0.4166943942999241,37.66764404294625,12.079044612661592,0
31.278780627867604,997.1880929796787,0.5915390275560162,33.92406611738363,11.861227871842225,1
20.52696348890248,1021.9503831407611,0.44504597254044653,6.2431327277780335,12.64563691950794,1
24.065641779193204,1008.1693894831656,0.48832340842047534,48.6173654104883,12.210890037125436,0
22.801344708629124,1014.4679301198555,0.43644421585955967,10.90136156409287,12.655095954040448,0
32.23488942176866,1029.1222062825543,0.6738851351853331,24.853982092742598,11.892019739824883,0
25.982773882557872,1021.9683931586553,0.4678757233882088,31.694262176728138,12.468738746253463,0
30.159222697343175,1010.3146935209417,0.6832557043479202,80.8826323491684,12.81753319726376,0
17.57219813481514,1004.0880777458472,0.5814151762118267,87.54886503958966,12.65584672463633,0
26.335251329346296,991.481845986707,0.5482066727335386,30.246631746146967,11.453929203285634,1
29.448153978117183,1005.8084668075758,0.5368733147317519,85.86981212445738,11.87316196122881,0
25.41141994637712,1010.888697611723,0.5393797298216252,85.72309373697911,11.827417647275102,0
30.327401875326757,1003.1282047284882,0.307232742065439,76.46509503848735,12.244627267538164,0
22.41355774949814,1011.687430329077,0.4721116605849244,14.669511401518154,12.343176777507267,0
32.0467372009279,1013.7685188295877,0.5845157971184322,69.0322846900729,11.580553662987132,0
36.49449061809625,1010.7514401819192,0.49511028165258947,94.50240645805688,12.03391925695847,1
23.185807197801704,1006.4999741917654,0.3594810153196425,68.2540478767157,10.990036333921932,1
22.77248739299614,1014.6865467196673,0.49475955494225304,33.16168491078339,12.720972502900945,0
32.2669223855885,1017.4194064956941,0.6704105516255492,50.05793174308313,11.743812879661654,0
32.89786072865356,1002.0960092255715,0.6246891715534719,64.57250433510536,12.027931969922248,0
22.385699864233658,1027.1093237974626,0.4937995990633968,51.05704087285036,11.845175143005969,0
22.899065914520712,1012.0141186771574,0.5951449277058086,11.995294173096982,12.573013787506708,0
23.591076955697464,1013.1884962294484,0.4633492979631948,31.206404465202063,10.58124677930131,1
18.277747444828613,1020.0821442325656,0.3296128413173281,80.23960305536325,11.991694828837046,0
20.40674026757901,1015.332161312635,0.40755340118704453,86.14180460955174,11.947090621251151,0
19.97929616623966,1022.5313663391324,0.6562888768508198,13.730003271557024,11.773181806204159,0
21.161012174479357,1015.8712416520183,0.4726006918170696,95.23867523987246,12.863113272817817,0
24.826575563066093,1006.8756262535957,0.4756616020624982,32.88226178486093,11.556335270572115,0
26.171073662682602,1016.615035252061,0.4700161803725119,66.231373873072,12.38589808861783,0
32.75250246407038,1001.5627379267934,0.6904136589573007,75.18251459566811,12.178126394353042,0
20.008229796306047,1014.0855970577652,0.6625958915362063,81.19462346378835,12.630759626267757,0
29.921611992382918,1012.6677000935554,0.7218780233448134,94.57497022259301,11.666405457611248,1
23.930055778872454,1010.9188314272747,0.4840954789599949,31.29195480288226,11.633515550438121,0
24.752681451737836,1011.7146248856106,0.5295624488747095,85.85064545515544,12.5480349537387,0
28.37409746083302,994.1815095450236,0.34833574505792086,13.168690343620703,12.212660654165056,1
19.386389892188507,1007.5127509225904,0.6476934426118275,70.50409063535928,11.227531326661621,0
26.912048730920255,1013.9284490114112,0.3832220448732065,74.19777295139859,11.730347492768365,0
25.83226104106528,1014.598563919974,0.5216775563762629,67.77232412013204,12.19319132692403,0
27.462256320040744,1002.7232485907405,0.3902697472367156,25.2314736135153,12.418882110773295,0
26.44584321953909,1025.657078408647,0.4411133173261304,87.30431470152034,11.660384673403522,0
37.276500699554475,1004.338251517855,0.41627375689503,16.8858463370395,10.54287200509153,1
21.81130007874342,1022.6945720052673,0.4392124739324182,5.363479152083084,12.261611592868517,1
22.345015224990913,1017.2719436187168,0.44608772968510213,71.74649906119122,11.389839655028013,0
21.88429736787618,1006.537726901562,0.4451731205074923,47.54757152327337,10.991330600938795,1
22.222614404198726,1030.7531089260951,0.5833333911780307,84.90980199586761,10.58383703750793,1
21.81306436346741,1001.0636316824352,0.389513720693748,38.3397141058259,12.40699043009887,0
30.94508265553776,1022.1915417361,0.5220541427013867,16.827858850771282,12.064308725202483,0
32.102521239949276,1023.0058231804297,0.6217959152305559,83.64421924698698,11.887171809643874,0
22.14626853125262,1006.2937979092336,0.44868036354866037,54.89096316400717,12.69451218148138,0
20.838222134478855,1026.9246530006433,0.4282081109252398,18.91957923903549,12.318662341511537,0
27.35707778193202,1010.4995348540104,0.47694753748197494,72.03839985864458,12.808150021360959,0
22.238884778595143,1015.8869362927986,0.617972520836071,51.111363848950056,11.303632263916501,0
28.164659088777555,1015.6032183877122,0.5194107630953357,60.431298224031984,11.982724688023017,0
26.0146151042565,1011.6569125852945,0.4468785705392401,46.089833820658185,11.191643312525994,0
17.42127942501384,1021.1080827315978,0.548387665118804,82.87089838180064,11.885308834072266,0
32.737526006650306,1020.9348872055222,0.38977078501635765,82.95627156830498,11.875692073116662,0
33.97938836547761,995.5146802676182,0.5681359510442948,70.93888218243862,12.313306818631535,1
21.93605654757807,1026.0434024287815,0.5408607307701767,10.540137739646227,12.02278194057095,0
23.061492200320078,996.3750801196433,0.4692191528861116,83.88538619040689,12.311703569139958,1
26.429326953624525,1023.3254620434166,0.4161414201552769,67.10129805329098,12.351720066569447,0
26.672283949935125,1024.2670513682758,0.4113319077716543,69.70241660042996,13.077464338691572,0
28.29272136336415,1002.090335697848,0.553481733634591,36.298284040387166,11.842351672356937,0
35.05102269383175,1008.8918571204541,0.6228980502489062,87.92795561570067,11.52948864966681,1
24.11526386252975,1001.9429533151406,0.43626922529712053,72.53716002348575,12.123041807658204,0
21.00851377730773,1010.8507896971126,0.5458386703551484,11.259046652919446,11.598859986430229,0
18.103403859927365,1009.9196571581426,0.2912972981397931,40.77780344061627,12.740980384218268,0
21.345349800290403,1020.7966053226934,0.44153822693428,88.63803619601417,11.858390980527384,0
24.834365135631014,1026.103087461196,0.4968941067129098,4.719670169737899,11.717211816063005,1
33.97278931758894,1026.9568381078996,0.40903165830181665,96.14166196420496,11.764342139424441,0
22.411943504819142,1007.378319734217,0.40634936252104037,67.91625683195628,12.359208711735821,0
26.118939758194493,1010.9077812625547,0.4332220443531114,63.13759776433766,11.921126508384257,0
24.91788551963624,996.1656180777904,0.5292192728326374,27.05592564879914,11.679166589934809,1
30.94196636724042,1004.9412993350381,0.4812670981593625,24.879178873917706,12.832675958811766,0
37.63466212936811,1022.6485163309745,0.2761768766675028,94.20582194885955,11.571915079669125,1
22.345656135398396,1029.1558282354822,0.28792998473649334,29.827245423412275,12.017783037016496,0
22.55280278740889,1000.6565112812008,0.43931348221428246,77.55052967189994,12.326153075805115,0
30.22080438534536,1007.0753574084711,0.5457686586053552,39.31217982070792,11.184332444791464,0
28.40945744813156,1012.7359424304108,0.22524951572747653,13.925407078470398,12.240130250702963,0
34.23353662868017,1015.8016115881961,0.45002698238483696,1.071529769535895,11.472446162259775,1
27.919640926629818,1004.9039648007836,0.4473752143482579,54.42573370152508,12.411391390417002,0
23.203539546064704,1017.2406104446409,0.6388337778208448,97.57788185489326,11.518674494040512,0
27.953274153461546,1008.2616065292908,0.46149781882871366,36.91361938092045,12.34638451592443,0
30.543517902914537,1012.8554772912172,0.5382988984740928,35.719233399304485,12.552916533147357,0
29.102410905986822,1018.462842480037,0.5141257140087463,34.40916178494421,12.430718262816402,0
27.53637015553649,1013.0642226981093,0.2869433520192799,52.054383730485846,12.125658324119051,0
30.333373447945768,1008.6361410947343,0.5768207216631738,44.06648834242935,11.88434952853515,0
30.846477952228362,1011.9039019607417,0.5215396505456288,87.99146267270145,11.711790211832579,0
31.910794955187637,1012.1163704079466,0.550826863967459,50.55207917234903,12.735517345408551,0
28.243549437948214,1009.2998897011787,0.8926237706436326,50.77578381885688,11.650252389916178,1
24.164409598415727,1010.412039373329,0.29158870605014114,13.83715947205566,11.481466963215002,0
25.733568432166614,1028.9864717050473,0.6724696649761108,98.27395409103859,12.332684467516415,0
31.032544832541785,1018.6091944794124,0.47125524805996444,24.99728908688297,11.601931598406752,0
20.91532164506382,1010.0451968197084,0.5287328904403009,7.336406745960266,11.524968251266936,1
26.843366544364507,1019.9695440451073,0.49544877546987576,66.31462489752089,11.278197868915118,0
23.033305938363196,1009.6618051024399,0.45757636666019563,59.53663701568727,11.75854508026974,0
25.143724114674086,1024.7312463758665,0.4430167071761241,41.514565399274574,11.958642488051753,0
31.392259313036494,1016.6964219219809,0.5329508735573009,42.2192233880678,12.121545863830349,0
25.955495340099517,1011.9269785599577,0.3482826303328321,78.50639210464311,12.475653122149742,0
25.232182740780743,1017.4771692581028,0.5750579167521765,19.571264009964906,12.263448961832896,0
18.200719295100406,997.291238479315,0.4583805595114746,82.02533189448897,11.904563890223411,1
28.731267830136105,1001.732325310902,0.38699306609596423,64.87471138950181,11.90090216181014,0
28.227420905705376,1001.0607499360094,0.4549987142004186,41.89697737795244,12.25507873445759,0
35.8162736165273,1014.4294309476371,0.6257149216862573,45.80286165838686,12.636285081464285,1
23.461108825234994,1030.325149994851,0.4464664912983777,25.66472071860958,12.0631570997416,0
26.095751638319694,1035.3130014619264,0.535845361820962,75.21143326969748,11.765434572894796,0
26.246918418553776,1019.3805110144076,0.4269043724284527,51.287474230526776,11.503566999457227,0
32.887266398817374,1018.0084447494446,0.575792184992362,32.08545427498436,11.277397367793887,0
24.523522338065238,994.9894226584726,0.5685507738790204,59.60501157609502,12.333134836021761,1
26.395107628851697,1007.5732620026598,0.6848608833296411,99.5734452051323,12.28898926181978,0
28.039482548582697,1005.1221624809176,0.48244360545007847,43.52622796565539,12.288681762553331,0
25.93304561578179,1006.7915240174889,0.5668654804757907,92.06914007786196,11.935670276823972,0
22.767831927247357,1011.3185618141521,0.5098067539538944,34.50168399245661,12.703467372945875,0
25.97044996449154,1008.2790942230288,0.6295871781863014,5.4732706924985886,11.757940752707592,1
30.36815874929886,993.2070018962421,0.42811676123912695,20.424210636842886,12.477634618603602,1
19.8674235029447,1020.4791025611753,0.5745005312877282,41.86951433276842,11.980628552505229,0
25.66484837073438,1002.272569742602,0.48053027038833185,21.963492859456903,11.695824617660332,0
21.499395925304135,1015.3924686411115,0.4935811822891502,0.02270382182555375,12.296265153658881,1
30.975233144624212,1033.7408266974996,0.5091752484448373,91.50015377475272,12.204818059341997,0
17.384065476081126,1003.8061540841358,0.5252240396426677,84.3879411230929,12.178486379633464,0
22.205390763642058,987.6971247725367,0.4883770956878042,74.22922314869471,12.040639211028099,1
26.886059375322603,1010.1399577811989,0.5214713183170526,16.781459564602862,11.981053459141584,0
32.827620146171704,1024.0095963499857,0.6578118057562184,12.036357620998606,13.19418599643522,0
24.67124869463506,1032.583474542206,0.5985449685615218,6.760474947238315,12.592128322598086,1
22.22400236653401,1000.7045040554758,0.5869154592496897,72.40291887729212,12.361413447492756,0
34.40578534720295,1017.9669922323652,0.4544460473976129,92.88079606878853,12.055899579101695,0
17.75993049791878,1008.3468954321995,0.41107591717716757,43.053582091303696,12.503578600298335,0
14.005970216899591,1011.9405164569587,0.5955300558237753,11.914067199604816,12.258997388195725,0
27.20007225026666,1039.4434334701702,0.5876046792529794,51.23928207321066,12.013102376387018,0
22.489728878236946,997.9702967160484,0.6472670675750982,34.88319074586301,11.848217837367043,1
19.893835914346433,1015.5373966149457,0.43960193740307707,37.48249243499977,11.959541331168657,0
28.541782236496765,1017.6769317176544,0.4770451344639653,62.13306241557073,10.414787132060972,1
26.219003568855996,1023.8578632493935,0.3360515837474566,71.87181132622024,12.10530041964882,0
22.179606846316357,1013.979831534709,0.4607528893939127,11.060359887316086,11.75576195994482,0
18.59847800664553,1016.080505395041,0.5996570510579448,3.5590230806476386,12.796334999141441,1
29.362286641400722,1009.0835143257821,0.4533504620771802,99.43303026857149,12.009672035405877,0
28.251005889793305,1015.6912694124511,0.5640479795200823,23.272834891555185,11.40551829023252,0
24.504120681103085,1009.5680772450258,0.48094968940021887,5.383052490845907,11.975059922935941,1
34.23318498023833,1019.2157188985605,0.532405702822156,18.987532909591998,11.476939457468747,0
19.649576168369236,1009.3038966395636,0.3852308610184333,3.895784634846422,12.236703707856233,1
17.372374145376305,1016.7710039390219,0.5085209449633901,39.181089461717164,12.145473682169742,0
21.540459650593778,1012.7073718631502,0.20088640290992765,80.24017844513243,12.478919815554134,0
24.77206991822251,1024.2605025077216,0.4813103841838015,34.124444975772064,11.604559104152717,0
26.21669724661346,1012.4860627641151,0.33695267562848596,44.418340687836654,12.017004048114073,0
23.79381971071835,995.2696753179312,0.6205994516546816,67.55867735674389,11.317489102286682,1
26.760276982571483,1025.61921500714,0.5777407352764511,50.889407006988016,12.350747390962358,0
18.74230287904778,1003.9426769913738,0.5466670981966081,86.14456860213242,12.259435590220061,0
32.2188230203663,1006.4623366135118,0.652100622715938,86.60356750457565,12.247902510513786,0
24.589244108037157,1007.0433870595651,0.40510834791751626,0.9910695491153643,12.00080951567847,1
30.586479157940637,1026.744380931708,0.6747363197915558,77.80463064831991,12.207386445394395,0
26.71362673188852,991.643257860213,0.5932191564260385,46.073360024167386,12.802169554154299,1
27.283766095768918,1044.3774853365999,0.4763444712781054,98.88405413036631,11.857452871478992,0
27.84883640116102,1023.5605680906605,0.6135620147182944,48.323207587543514,12.069322591855043,0
27.238542800086574,1015.2323891412916,0.3893706487588366,98.68959453882975,11.456936850409296,0
28.21361379933772,1012.4510599938371,0.41754858384723265,75.45693612057366,11.565869519200835,0
31.645762650662157,1015.8555407485766,0.43914102767602997,24.860488461330633,12.048906646546653,0
25.98260584850735,1018.2112242837934,0.4471022291935985,53.83949792869577,12.551966773350953,0
28.54501878794256,1019.4521558595005,0.3943442357239747,99.21356394785828,11.871859587874214,0
24.551321528563868,1018.5560446600344,0.6223083067095325,85.75306077519237,11.882041735343938,0
32.200586077247365,1013.8958068125525,0.4741145599630168,9.73668937912211,11.796557377747813,1
21.61803848970365,1011.0266157969268,0.5352504968356879,70.6371996809996,11.732621664577838,0
34.004702164554075,1011.4872671634649,0.44296486335863194,34.5579585870813,12.147485727854411,0
24.799210246778284,1011.0509171964732,0.3179396699451483,0.6982261880348117,11.251371177410677,1
17.84612448940976,1024.3377009686706,0.5270057358391422,40.34809690269996,12.640469788333364,0
25.640522074553946,1018.9355672228086,0.3087745024580223,23.47544217249713,11.66728885093527,0
21.594741712625595,983.5961136533572,0.49313659539145316,81.88692705204716,12.36095174271907,1
29.203217744943622,1019.5590077652976,0.363168496116719,33.733060884576545,11.365000701303062,0
21.736880103488044,1014.9473619471878,0.6987275999230809,82.7523693953817,12.33442006527311,0
22.769082833926102,1012.8129124355411,0.5911362722174722,0.05979388347953085,12.33597230390725,1
15.552296345272346,1009.1148154691111,0.510575379127148,30.781915002611914,12.19210103600295,0
22.738468403754617,1024.24112719986,0.6263706677654669,24.116521430776196,11.502785739100103,0
12.880603366855217,1022.4752646212286,0.4153684022534264,23.3567361068611,12.124774094799038,0
17.080485882571384,1005.271223321764,0.5543479378670093,6.81866197654627,11.408471907632805,1
28.802073280721487,1017.0705228712453,0.5199810433718713,18.712427041050173,11.873618372451908,0
28.92900079325416,1003.2834326545872,0.526402008133367,55.55495698856199,12.514706550477664,0
27.127287808924823,999.2038183521107,0.6272353500106768,29.13610728377445,12.398350963535371,1
20.165119284353935,1006.7328277541003,0.5732492102779803,41.73947823291479,12.007591471270217,0
24.7614432192901,1021.6239347238276,0.5288723662825023,37.68668803471885,11.51259671203858,0
24.981987304547157,1022.5312504537609,0.3345112563771704,87.59049249998945,12.322793856087097,0
19.208176554037287,1018.130854200973,0.40399537047205364,90.52989990105155,12.009690618849012,0
32.51699150883575,1020.25095786848,0.48772910664042757,49.295697165586006,10.839842200884789,1
29.386811452878355,1018.1617828711496,0.5093372374276651,33.01559503156044,12.39131491315826,0
23.89517913085168,1006.5851840477704,0.3869796275326076,10.680070400236364,11.987883583065154,0
25.134429194972654,1017.3192254467394,0.7411676675578421,95.3402879382095,12.601225623991535,1
26.04191403973776,1021.0040952522768,0.6516394055253573,6.022694490029745,11.452364740578597,1
14.791325657878547,1020.5429132981358,0.5602118320392484,29.765027756828044,10.411648093402,1
23.764113087397014,1024.8891337147463,0.5072036861283745,29.806620117000413,12.139541929172593,0
21.590078760011007,1020.0830384720107,0.47877910300988485,32.04012861402149,12.145781838340987,0
19.991899950525422,1016.5144820754158,0.4048081539977764,16.428684327240926,11.154664186196774,0
23.594498535570224,1023.7015023831643,0.5077480518518862,78.31614309236971,11.510750227066698,0
33.988432634247616,1012.7347874075094,0.525775254014275,12.249786196598922,13.377608871859952,0
28.20421430633505,1004.1812534877229,0.3758239424518376,63.49066591531628,11.847194692923098,0
22.144105051086015,1011.3693303605623,0.5334176417244898,12.384602670581746,12.365479488188107,0
27.862913906780793,1005.5509735519355,0.48447409511752515,7.053563759295656,11.674670086315809,1
